ISO-10303-21;
HEADER;
FILE_DESCRIPTION (( 'STEP AP214' ),
    '1' );
FILE_NAME ('AAK001-14E.STEP',
    '2021-06-23T20:30:39',
    ( '' ),
    ( '' ),
    'SwSTEP 2.0',
    'SolidWorks 2017',
    '' );
FILE_SCHEMA (( 'AUTOMOTIVE_DESIGN' ));
ENDSEC;

DATA;
#1 = FACE_OUTER_BOUND ( 'NONE', #1012, .T. ) ;
#2 = DIRECTION ( 'NONE',  ( 1.971276677246373500E-016, 6.661338147750936300E-016, -1.000000000000000000 ) ) ;
#3 = VECTOR ( 'NONE', #88, 1000.000000000000000 ) ;
#4 = APPLICATION_CONTEXT ( 'automotive_design' ) ;
#5 = STYLED_ITEM ( 'NONE', ( #1486 ), #236 ) ;
#6 = FACE_OUTER_BOUND ( 'NONE', #1142, .T. ) ;
#7 = DIRECTION ( 'NONE',  ( -1.000000000000000000, 2.775557561562906100E-017, -1.971276677246373200E-016 ) ) ;
#8 = STYLED_ITEM ( 'NONE', ( #1576 ), #301 ) ;
#9 = LINE ( 'NONE', #1640, #900 ) ;
#10 = CARTESIAN_POINT ( 'NONE',  ( 0.09999999999999920100, 0.1000000000000001600, -0.1500000000000008300 ) ) ;
#11 = ORIENTED_EDGE ( 'NONE', *, *, #1501, .T. ) ;
#12 = VERTEX_POINT ( 'NONE', #415 ) ;
#13 = EDGE_LOOP ( 'NONE', ( #272, #1346, #1517, #1530 ) ) ;
#14 = DIRECTION ( 'NONE',  ( -1.971276677246370800E-016, -6.661338147750936300E-016, 1.000000000000000000 ) ) ;
#15 = VERTEX_POINT ( 'NONE', #1316 ) ;
#16 = DIRECTION ( 'NONE',  ( 1.971276677246373500E-016, 6.661338147750936300E-016, -1.000000000000000000 ) ) ;
#17 = VERTEX_POINT ( 'NONE', #1196 ) ;
#18 = EDGE_CURVE ( 'NONE', #178, #123, #1388, .T. ) ;
#19 = VERTEX_POINT ( 'NONE', #680 ) ;
#20 = CARTESIAN_POINT ( 'NONE',  ( 0.5000000000000003300, 0.1000000000000004800, -0.5000000000000004400 ) ) ;
#21 = CARTESIAN_POINT ( 'NONE',  ( -2.057382042508492400E-016, 4.336808689942017700E-016, -0.5000000000000004400 ) ) ;
#22 = ADVANCED_FACE ( 'NONE', ( #335 ), #568, .F. ) ;
#23 = DIRECTION ( 'NONE',  ( 2.775557561562893200E-017, 1.000000000000000000, 0.0000000000000000000 ) ) ;
#24 = LINE ( 'NONE', #720, #614 ) ;
#25 = EDGE_CURVE ( 'NONE', #136, #645, #1163, .T. ) ;
#26 = CARTESIAN_POINT ( 'NONE',  ( -1.946359740045976900E-016, 0.4000000000000000800, 0.5500000000000001600 ) ) ;
#27 = CARTESIAN_POINT ( 'NONE',  ( 0.5000000000000003300, -2.168404344971008900E-016, 0.5000000000000004400 ) ) ;
#28 = UNCERTAINTY_MEASURE_WITH_UNIT (LENGTH_MEASURE( 1.000000000000000100E-005 ), #392, 'distance_accuracy_value', 'NONE');
#29 = VECTOR ( 'NONE', #972, 1000.000000000000000 ) ;
#30 = AXIS2_PLACEMENT_3D ( 'NONE', #956, #589, #203 ) ;
#31 = VERTEX_POINT ( 'NONE', #806 ) ;
#32 = ORIENTED_EDGE ( 'NONE', *, *, #266, .T. ) ;
#33 = CARTESIAN_POINT ( 'NONE',  ( -0.5000000000000006700, 0.1000000000000000500, 0.1499999999999990800 ) ) ;
#34 = DIRECTION ( 'NONE',  ( 2.775557561562893200E-017, 1.000000000000000000, 0.0000000000000000000 ) ) ;
#35 = ORIENTED_EDGE ( 'NONE', *, *, #660, .F. ) ;
#36 = ORIENTED_EDGE ( 'NONE', *, *, #510, .F. ) ;
#37 = CARTESIAN_POINT ( 'NONE',  ( 0.09999999999999920100, 0.0000000000000000000, 0.0000000000000000000 ) ) ;
#38 = ORIENTED_EDGE ( 'NONE', *, *, #847, .F. ) ;
#39 = DIRECTION ( 'NONE',  ( -1.000000000000000000, 2.775557561562906100E-017, -1.971276677246373200E-016 ) ) ;
#40 = EDGE_CURVE ( 'NONE', #791, #845, #463, .T. ) ;
#41 = AXIS2_PLACEMENT_3D ( 'NONE', #500, #1045, #636 ) ;
#42 = CARTESIAN_POINT ( 'NONE',  ( -0.2000000000000007300, -0.5315072906367319700, -0.5000000000000004400 ) ) ;
#43 = CARTESIAN_POINT ( 'NONE',  ( 0.5500000000000000400, 0.3999999999999999700, 0.5500000000000001600 ) ) ;
#44 = LINE ( 'NONE', #903, #893 ) ;
#45 = CARTESIAN_POINT ( 'NONE',  ( 0.09999999999999920100, 0.09999999999999993600, 0.5000000000000004400 ) ) ;
#46 = FACE_OUTER_BOUND ( 'NONE', #100, .T. ) ;
#47 = EDGE_CURVE ( 'NONE', #379, #344, #51, .T. ) ;
#48 = DIRECTION ( 'NONE',  ( 2.775557561562893200E-017, 1.000000000000000000, 0.0000000000000000000 ) ) ;
#49 = CARTESIAN_POINT ( 'NONE',  ( -2.029626466892863800E-016, 0.1000000000000002600, 0.0000000000000000000 ) ) ;
#50 = AXIS2_PLACEMENT_3D ( 'NONE', #1380, #1630, #595 ) ;
#51 = LINE ( 'NONE', #934, #965 ) ;
#52 = DIRECTION ( 'NONE',  ( -1.000000000000000000, 2.775557561562894400E-017, 3.081487911019596500E-033 ) ) ;
#53 = DIRECTION ( 'NONE',  ( -1.000000000000000000, 2.775557561562906100E-017, -1.971276677246373200E-016 ) ) ;
#54 = EDGE_LOOP ( 'NONE', ( #1375, #204, #1306, #470 ) ) ;
#55 = CARTESIAN_POINT ( 'NONE',  ( -2.029626466892863800E-016, 0.1000000000000002600, 0.0000000000000000000 ) ) ;
#56 = ORIENTED_EDGE ( 'NONE', *, *, #1373, .T. ) ;
#57 = ORIENTED_EDGE ( 'NONE', *, *, #1501, .F. ) ;
#58 = CARTESIAN_POINT ( 'NONE',  ( 0.5000000000000003300, 0.1000000000000000500, 0.1500000000000008300 ) ) ;
#59 = EDGE_LOOP ( 'NONE', ( #743, #376, #262, #1588 ) ) ;
#60 = CARTESIAN_POINT ( 'NONE',  ( -2.029626466892863800E-016, 0.1000000000000002600, 0.0000000000000000000 ) ) ;
#61 = EDGE_CURVE ( 'NONE', #1352, #241, #438, .T. ) ;
#62 = DIRECTION ( 'NONE',  ( -1.000000000000000000, 0.0000000000000000000, 0.0000000000000000000 ) ) ;
#63 = PRODUCT_DEFINITION ( 'UNKNOWN', '', #151, #737 ) ;
#64 = PRESENTATION_STYLE_ASSIGNMENT (( #229 ) ) ;
#65 = DIRECTION ( 'NONE',  ( 1.000000000000000000, -2.775557561562906100E-017, 1.971276677246373200E-016 ) ) ;
#66 = CARTESIAN_POINT ( 'NONE',  ( -2.057382042508492400E-016, 0.0000000000000000000, 0.0000000000000000000 ) ) ;
#67 = VECTOR ( 'NONE', #1663, 1000.000000000000000 ) ;
#68 = CARTESIAN_POINT ( 'NONE',  ( -0.5500000000000003800, -4.336808689942017700E-016, 0.5500000000000001600 ) ) ;
#69 = EDGE_CURVE ( 'NONE', #821, #749, #786, .T. ) ;
#70 = DIRECTION ( 'NONE',  ( 2.775557561562906100E-017, 1.000000000000000000, 2.600065509977687900E-047 ) ) ;
#71 = ORIENTED_EDGE ( 'NONE', *, *, #1660, .T. ) ;
#72 = AXIS2_PLACEMENT_3D ( 'NONE', #848, #70, #1485 ) ;
#73 = PLANE ( 'NONE',  #50 ) ;
#74 = CLOSED_SHELL ( 'NONE', ( #875, #1140, #1465, #1456, #1063, #155 ) ) ;
#75 = DIRECTION ( 'NONE',  ( 1.971276677246371000E-016, 6.661338147750936300E-016, -1.000000000000000000 ) ) ;
#76 = EDGE_LOOP ( 'NONE', ( #32, #744, #1537, #1370 ) ) ;
#77 = DIRECTION ( 'NONE',  ( 2.775557561562893200E-017, 1.000000000000000000, 0.0000000000000000000 ) ) ;
#78 = VERTEX_POINT ( 'NONE', #1202 ) ;
#79 = ORIENTED_EDGE ( 'NONE', *, *, #937, .T. ) ;
#80 = CARTESIAN_POINT ( 'NONE',  ( -0.5500000000000003800, 5.421010862427522200E-016, -0.5500000000000001600 ) ) ;
#81 = EDGE_CURVE ( 'NONE', #990, #803, #1549, .T. ) ;
#82 = CARTESIAN_POINT ( 'NONE',  ( 0.5000000000000003300, 0.0000000000000000000, 0.0000000000000000000 ) ) ;
#83 = AXIS2_PLACEMENT_3D ( 'NONE', #1398, #355, #1627 ) ;
#84 = LINE ( 'NONE', #1356, #952 ) ;
#85 = LINE ( 'NONE', #162, #166 ) ;
#86 = CARTESIAN_POINT ( 'NONE',  ( -0.4369459482136893200, 0.4000000000000005200, -0.3803260961774412900 ) ) ;
#87 = VECTOR ( 'NONE', #231, 1000.000000000000000 ) ;
#88 = DIRECTION ( 'NONE',  ( 1.000000000000000000, -2.775557561562906100E-017, 1.971276677246373200E-016 ) ) ;
#89 = LINE ( 'NONE', #45, #1623 ) ;
#90 = VECTOR ( 'NONE', #232, 1000.000000000000000 ) ;
#91 = DIRECTION ( 'NONE',  ( 1.971276677246373500E-016, 6.661338147750936300E-016, -1.000000000000000000 ) ) ;
#92 = ORIENTED_EDGE ( 'NONE', *, *, #332, .T. ) ;
#93 = CARTESIAN_POINT ( 'NONE',  ( -0.5000000000000006700, -0.5315072906367319700, -0.5000000000000004400 ) ) ;
#94 = EDGE_CURVE ( 'NONE', #1352, #1293, #1323, .T. ) ;
#95 = VERTEX_POINT ( 'NONE', #1082 ) ;
#96 = CARTESIAN_POINT ( 'NONE',  ( -0.09999999999999961700, -0.5315072906367324100, -0.4000000000000010200 ) ) ;
#97 = EDGE_LOOP ( 'NONE', ( #1014, #488, #313, #994 ) ) ;
#98 = MECHANICAL_DESIGN_GEOMETRIC_PRESENTATION_REPRESENTATION (  '', ( #8 ), #708 ) ;
#99 = VERTEX_POINT ( 'NONE', #1350 ) ;
#100 = EDGE_LOOP ( 'NONE', ( #998, #1334 ) ) ;
#101 = DIRECTION ( 'NONE',  ( 1.971276677246371000E-016, 6.661338147750936300E-016, -1.000000000000000000 ) ) ;
#102 = ORIENTED_EDGE ( 'NONE', *, *, #237, .T. ) ;
#103 = PLANE ( 'NONE',  #83 ) ;
#104 = CARTESIAN_POINT ( 'NONE',  ( 0.0000000000000000000, 0.0000000000000000000, 0.0000000000000000000 ) ) ;
#105 = EDGE_CURVE ( 'NONE', #321, #625, #1564, .T. ) ;
#106 = LINE ( 'NONE', #115, #612 ) ;
#107 = PLANE ( 'NONE',  #257 ) ;
#108 = DIRECTION ( 'NONE',  ( -1.000000000000000000, 2.775557561562906100E-017, -1.971276677246373200E-016 ) ) ;
#109 = AXIS2_PLACEMENT_3D ( 'NONE', #49, #425, #1071 ) ;
#110 = LINE ( 'NONE', #1390, #758 ) ;
#111 = ADVANCED_FACE ( 'NONE', ( #1225 ), #1476, .F. ) ;
#112 = VECTOR ( 'NONE', #1448, 1000.000000000000000 ) ;
#113 = PLANE ( 'NONE',  #270 ) ;
#114 = VECTOR ( 'NONE', #1480, 1000.000000000000000 ) ;
#115 = CARTESIAN_POINT ( 'NONE',  ( -0.09999999999999958900, 0.1000000000000001600, -0.1500000000000008300 ) ) ;
#116 = CARTESIAN_POINT ( 'NONE',  ( -2.057382042508492400E-016, 0.0000000000000000000, -0.1500000000000008300 ) ) ;
#117 = VECTOR ( 'NONE', #1327, 1000.000000000000000 ) ;
#118 = ORIENTED_EDGE ( 'NONE', *, *, #797, .T. ) ;
#119 = ORIENTED_EDGE ( 'NONE', *, *, #881, .F. ) ;
#120 = DIRECTION ( 'NONE',  ( -1.971276677246373500E-016, -6.661338147750936300E-016, 1.000000000000000000 ) ) ;
#121 = FILL_AREA_STYLE ('',( #1670 ) ) ;
#122 = ORIENTED_EDGE ( 'NONE', *, *, #192, .T. ) ;
#123 = VERTEX_POINT ( 'NONE', #831 ) ;
#124 = DIRECTION ( 'NONE',  ( 0.0000000000000000000, 0.0000000000000000000, 1.000000000000000000 ) ) ;
#125 = CARTESIAN_POINT ( 'NONE',  ( -0.5000000000000006700, 2.168404344971008900E-016, -0.1500000000000008300 ) ) ;
#126 =( LENGTH_UNIT ( ) NAMED_UNIT ( * ) SI_UNIT ( .MILLI., .METRE. ) );
#127 = LINE ( 'NONE', #1635, #326 ) ;
#128 = EDGE_CURVE ( 'NONE', #1124, #1011, #9, .T. ) ;
#129 = VECTOR ( 'NONE', #1657, 1000.000000000000000 ) ;
#130 = CARTESIAN_POINT ( 'NONE',  ( -0.09999999999999960300, 6.505213034913026600E-016, -0.4000000000000010200 ) ) ;
#131 = CARTESIAN_POINT ( 'NONE',  ( -0.09999999999999958900, 0.09999999999999993600, 0.5000000000000004400 ) ) ;
#132 = VECTOR ( 'NONE', #148, 1000.000000000000000 ) ;
#133 = LINE ( 'NONE', #982, #1118 ) ;
#134 = DIRECTION ( 'NONE',  ( -2.775557561562906100E-017, -1.000000000000000000, -2.600065509977687900E-047 ) ) ;
#135 = LINE ( 'NONE', #624, #644 ) ;
#136 = VERTEX_POINT ( 'NONE', #180 ) ;
#137 = CARTESIAN_POINT ( 'NONE',  ( -0.5000000000000006700, -0.5315072906367319700, -0.5000000000000004400 ) ) ;
#138 = ORIENTED_EDGE ( 'NONE', *, *, #927, .F. ) ;
#139 = DIRECTION ( 'NONE',  ( 1.000000000000000000, -2.775557561562906100E-017, 1.971276677246373200E-016 ) ) ;
#140 = EDGE_CURVE ( 'NONE', #298, #1056, #1529, .T. ) ;
#141 = VERTEX_POINT ( 'NONE', #1001 ) ;
#142 = ORIENTED_EDGE ( 'NONE', *, *, #1363, .T. ) ;
#143 = EDGE_LOOP ( 'NONE', ( #1418, #583, #234, #787 ) ) ;
#144 = AXIS2_PLACEMENT_3D ( 'NONE', #60, #1106, #65 ) ;
#145 = DIRECTION ( 'NONE',  ( -1.540743955509788100E-032, -6.661338147750936300E-016, 1.000000000000000000 ) ) ;
#146 = CARTESIAN_POINT ( 'NONE',  ( 0.5500000000000000400, 0.4000000000000001900, 0.0000000000000000000 ) ) ;
#147 = LINE ( 'NONE', #550, #1003 ) ;
#148 = DIRECTION ( 'NONE',  ( 1.000000000000000000, -2.775557561562906100E-017, 1.971276677246373200E-016 ) ) ;
#149 = EDGE_CURVE ( 'NONE', #567, #879, #1585, .T. ) ;
#150 = CIRCLE ( 'NONE', #1210, 0.05693748062634412800 ) ;
#151 = PRODUCT_DEFINITION_FORMATION_WITH_SPECIFIED_SOURCE ( 'ANY', '', #239, .NOT_KNOWN. ) ;
#152 = PLANE ( 'NONE',  #718 ) ;
#153 = ORIENTED_EDGE ( 'NONE', *, *, #149, .T. ) ;
#154 = ORIENTED_EDGE ( 'NONE', *, *, #40, .F. ) ;
#155 = ADVANCED_FACE ( 'NONE', ( #1343 ), #311, .F. ) ;
#156 = CLOSED_SHELL ( 'NONE', ( #946, #592, #1580, #1282, #1594, #1181, #1267 ) ) ;
#157 = CARTESIAN_POINT ( 'NONE',  ( -0.09999999999999958900, 0.09999999999999993600, 0.1499999999999990800 ) ) ;
#158 =( NAMED_UNIT ( * ) SI_UNIT ( $, .STERADIAN. ) SOLID_ANGLE_UNIT ( ) );
#159 = ORIENTED_EDGE ( 'NONE', *, *, #1408, .F. ) ;
#160 = EDGE_CURVE ( 'NONE', #1179, #567, #986, .T. ) ;
#161 = EDGE_LOOP ( 'NONE', ( #1168, #79, #747, #219 ) ) ;
#162 = CARTESIAN_POINT ( 'NONE',  ( -0.5000000000000006700, -1.084202172485504400E-016, 0.0000000000000000000 ) ) ;
#163 = DIRECTION ( 'NONE',  ( 2.775557561562893200E-017, 1.000000000000000000, -0.0000000000000000000 ) ) ;
#164 = FACE_OUTER_BOUND ( 'NONE', #859, .T. ) ;
#165 = LINE ( 'NONE', #944, #1659 ) ;
#166 = VECTOR ( 'NONE', #273, 1000.000000000000000 ) ;
#167 = FACE_OUTER_BOUND ( 'NONE', #259, .T. ) ;
#168 = DIRECTION ( 'NONE',  ( -1.000000000000000000, 0.0000000000000000000, 0.0000000000000000000 ) ) ;
#169 = LINE ( 'NONE', #1533, #435 ) ;
#170 = AXIS2_PLACEMENT_3D ( 'NONE', #345, #1374, #1503 ) ;
#171 = VECTOR ( 'NONE', #562, 1000.000000000000000 ) ;
#172 = DIRECTION ( 'NONE',  ( 2.775557561562893200E-017, 1.000000000000000000, 0.0000000000000000000 ) ) ;
#173 = ORIENTED_EDGE ( 'NONE', *, *, #499, .T. ) ;
#174 = PLANE ( 'NONE',  #109 ) ;
#175 = EDGE_LOOP ( 'NONE', ( #948, #646, #865, #118 ) ) ;
#176 = ORIENTED_EDGE ( 'NONE', *, *, #1606, .T. ) ;
#177 =( NAMED_UNIT ( * ) SI_UNIT ( $, .STERADIAN. ) SOLID_ANGLE_UNIT ( ) );
#178 = VERTEX_POINT ( 'NONE', #1214 ) ;
#179 = ORIENTED_EDGE ( 'NONE', *, *, #551, .T. ) ;
#180 = CARTESIAN_POINT ( 'NONE',  ( -0.09999999999999960300, 2.168404344971008900E-016, -0.1500000000000008300 ) ) ;
#181 = DIRECTION ( 'NONE',  ( 0.7071067811865473500, -5.551115123125781700E-016, 0.7071067811865477900 ) ) ;
#182 = EDGE_LOOP ( 'NONE', ( #1368, #549, #1454, #1647 ) ) ;
#183 = EDGE_CURVE ( 'NONE', #879, #95, #538, .T. ) ;
#184 = CARTESIAN_POINT ( 'NONE',  ( 0.5000000000000003300, 0.09999999999999993600, 0.5000000000000004400 ) ) ;
#185 = AXIS2_PLACEMENT_3D ( 'NONE', #700, #1597, #940 ) ;
#186 = DIRECTION ( 'NONE',  ( 2.775557561562893200E-017, 1.000000000000000000, 0.0000000000000000000 ) ) ;
#187 = DIRECTION ( 'NONE',  ( -1.971276677246370800E-016, -6.661338147750936300E-016, 1.000000000000000000 ) ) ;
#188 = LINE ( 'NONE', #933, #1263 ) ;
#189 = PLANE ( 'NONE',  #227 ) ;
#190 = FACE_OUTER_BOUND ( 'NONE', #820, .T. ) ;
#191 = VECTOR ( 'NONE', #1589, 1000.000000000000000 ) ;
#192 = EDGE_CURVE ( 'NONE', #15, #279, #1161, .T. ) ;
#193 = DIRECTION ( 'NONE',  ( 1.971276677246370800E-016, 6.661338147750936300E-016, -1.000000000000000000 ) ) ;
#194 = FACE_OUTER_BOUND ( 'NONE', #620, .T. ) ;
#195 = ADVANCED_FACE ( 'NONE', ( #857 ), #1227, .F. ) ;
#196 = AXIS2_PLACEMENT_3D ( 'NONE', #349, #220, #493 ) ;
#197 = EDGE_LOOP ( 'NONE', ( #1230, #1508, #485, #1587 ) ) ;
#198 = DIRECTION ( 'NONE',  ( 1.000000000000000000, 0.0000000000000000000, 0.0000000000000000000 ) ) ;
#199 = VERTEX_POINT ( 'NONE', #701 ) ;
#200 = DIRECTION ( 'NONE',  ( 1.000000000000000000, -2.775557561562906100E-017, 1.971276677246370800E-016 ) ) ;
#201 = CARTESIAN_POINT ( 'NONE',  ( -0.5000000000000006700, 0.0000000000000000000, 0.1499999999999990800 ) ) ;
#202 = EDGE_LOOP ( 'NONE', ( #1017, #218, #1472, #1613 ) ) ;
#203 = DIRECTION ( 'NONE',  ( 1.000000000000000000, -2.775557561562906100E-017, 1.971276677246373200E-016 ) ) ;
#204 = ORIENTED_EDGE ( 'NONE', *, *, #1626, .F. ) ;
#205 = CARTESIAN_POINT ( 'NONE',  ( 0.5000000000000003300, 0.1000000000000000500, 0.0000000000000000000 ) ) ;
#206 = EDGE_CURVE ( 'NONE', #1086, #1277, #1049, .T. ) ;
#207 = DIRECTION ( 'NONE',  ( 2.775557561562893200E-017, 1.000000000000000000, 0.0000000000000000000 ) ) ;
#208 = UNCERTAINTY_MEASURE_WITH_UNIT (LENGTH_MEASURE( 1.000000000000000100E-005 ), #242, 'distance_accuracy_value', 'NONE');
#209 = CARTESIAN_POINT ( 'NONE',  ( -2.029626466892863800E-016, 0.1000000000000001600, -0.1500000000000008300 ) ) ;
#210 = LINE ( 'NONE', #214, #732 ) ;
#211 = VECTOR ( 'NONE', #53, 1000.000000000000000 ) ;
#212 = LINE ( 'NONE', #1057, #1199 ) ;
#213 = VECTOR ( 'NONE', #997, 1000.000000000000000 ) ;
#214 = CARTESIAN_POINT ( 'NONE',  ( 0.09999999999999920100, 0.09999999999999993600, 0.1499999999999990800 ) ) ;
#215 = EDGE_CURVE ( 'NONE', #768, #1165, #661, .T. ) ;
#216 = CARTESIAN_POINT ( 'NONE',  ( 0.5000000000000003300, -0.5315072906367326300, -0.5000000000000004400 ) ) ;
#217 = ORIENTED_EDGE ( 'NONE', *, *, #275, .F. ) ;
#218 = ORIENTED_EDGE ( 'NONE', *, *, #1397, .F. ) ;
#219 = ORIENTED_EDGE ( 'NONE', *, *, #1222, .T. ) ;
#220 = DIRECTION ( 'NONE',  ( -1.000000000000000000, 2.775557561562906100E-017, -1.971276677246370800E-016 ) ) ;
#221 = ORIENTED_EDGE ( 'NONE', *, *, #1383, .T. ) ;
#222 = EDGE_LOOP ( 'NONE', ( #922, #380, #1292, #465 ) ) ;
#223 = DIRECTION ( 'NONE',  ( 1.000000000000000000, -2.775557561562906100E-017, 1.971276677246373200E-016 ) ) ;
#224 = DIRECTION ( 'NONE',  ( 1.000000000000000000, -2.775557561562906100E-017, 1.971276677246373200E-016 ) ) ;
#225 = EDGE_CURVE ( 'NONE', #671, #1165, #1603, .T. ) ;
#226 = DIRECTION ( 'NONE',  ( 2.775557561562893200E-017, 1.000000000000000000, 0.0000000000000000000 ) ) ;
#227 = AXIS2_PLACEMENT_3D ( 'NONE', #1092, #315, #1497 ) ;
#228 = ADVANCED_FACE ( 'NONE', ( #194 ), #1265, .F. ) ;
#229 = SURFACE_STYLE_USAGE ( .BOTH. , #1022 ) ;
#230 = FACE_OUTER_BOUND ( 'NONE', #1605, .T. ) ;
#231 = DIRECTION ( 'NONE',  ( -1.971276677246370800E-016, -6.661338147750936300E-016, 1.000000000000000000 ) ) ;
#232 = DIRECTION ( 'NONE',  ( -1.000000000000000000, 2.775557561562906100E-017, -1.971276677246373200E-016 ) ) ;
#233 = FACE_OUTER_BOUND ( 'NONE', #707, .T. ) ;
#234 = ORIENTED_EDGE ( 'NONE', *, *, #759, .F. ) ;
#235 = CARTESIAN_POINT ( 'NONE',  ( -0.5000000000000006700, -0.5315072906367326300, 0.1499999999999990800 ) ) ;
#236 = MANIFOLD_SOLID_BREP ( 'Boss-Extrude3', #1416 ) ;
#237 = EDGE_CURVE ( 'NONE', #1011, #1179, #784, .T. ) ;
#238 = ORIENTED_EDGE ( 'NONE', *, *, #1024, .F. ) ;
#239 = PRODUCT ( 'AAK001-14E', 'AAK001-14E', '', ( #530 ) ) ;
#240 = DIRECTION ( 'NONE',  ( 2.775557561562893200E-017, 1.000000000000000000, 0.0000000000000000000 ) ) ;
#241 = VERTEX_POINT ( 'NONE', #496 ) ;
#242 =( LENGTH_UNIT ( ) NAMED_UNIT ( * ) SI_UNIT ( .MILLI., .METRE. ) );
#243 = ORIENTED_EDGE ( 'NONE', *, *, #385, .F. ) ;
#244 = CARTESIAN_POINT ( 'NONE',  ( -0.09999999999999958900, 0.09999999999999993600, 0.5000000000000004400 ) ) ;
#245 = CARTESIAN_POINT ( 'NONE',  ( 0.5000000000000003300, 4.336808689942017700E-016, -0.5000000000000004400 ) ) ;
#246 = EDGE_CURVE ( 'NONE', #1188, #1655, #1204, .T. ) ;
#247 = CARTESIAN_POINT ( 'NONE',  ( -0.5000000000000006700, -0.5315072906367324100, -0.1500000000000008300 ) ) ;
#248 = CARTESIAN_POINT ( 'NONE',  ( 0.5000000000000003300, 0.1000000000000002600, -0.1500000000000008300 ) ) ;
#249 = SURFACE_STYLE_FILL_AREA ( #951 ) ;
#250 = LINE ( 'NONE', #796, #132 ) ;
#251 = FACE_OUTER_BOUND ( 'NONE', #175, .T. ) ;
#252 = PLANE ( 'NONE',  #566 ) ;
#253 = VECTOR ( 'NONE', #1599, 1000.000000000000000 ) ;
#254 = EDGE_LOOP ( 'NONE', ( #1252, #1344, #38, #863 ) ) ;
#255 = EDGE_CURVE ( 'NONE', #1277, #803, #135, .T. ) ;
#256 = MANIFOLD_SOLID_BREP ( 'Boss-Extrude2[3]', #1251 ) ;
#257 = AXIS2_PLACEMENT_3D ( 'NONE', #1018, #603, #1137 ) ;
#258 = PLANE ( 'NONE',  #775 ) ;
#259 = EDGE_LOOP ( 'NONE', ( #179, #260, #360, #173 ) ) ;
#260 = ORIENTED_EDGE ( 'NONE', *, *, #373, .F. ) ;
#261 = CARTESIAN_POINT ( 'NONE',  ( 0.09999999999999920100, 0.09999999999999993600, 0.5000000000000004400 ) ) ;
#262 = ORIENTED_EDGE ( 'NONE', *, *, #1349, .F. ) ;
#263 = ORIENTED_EDGE ( 'NONE', *, *, #673, .T. ) ;
#264 = DIRECTION ( 'NONE',  ( -2.775557561562893200E-017, -1.000000000000000000, -0.0000000000000000000 ) ) ;
#265 = VECTOR ( 'NONE', #634, 1000.000000000000000 ) ;
#266 = EDGE_CURVE ( 'NONE', #467, #422, #741, .T. ) ;
#267 = VECTOR ( 'NONE', #264, 1000.000000000000000 ) ;
#268 = DIRECTION ( 'NONE',  ( 2.775557561562893200E-017, 1.000000000000000000, -5.551115123125779000E-017 ) ) ;
#269 = FACE_OUTER_BOUND ( 'NONE', #1487, .T. ) ;
#270 = AXIS2_PLACEMENT_3D ( 'NONE', #1407, #1511, #101 ) ;
#271 = VECTOR ( 'NONE', #931, 1000.000000000000000 ) ;
#272 = ORIENTED_EDGE ( 'NONE', *, *, #683, .F. ) ;
#273 = DIRECTION ( 'NONE',  ( 1.971276677246370800E-016, 6.661338147750936300E-016, -1.000000000000000000 ) ) ;
#274 = VERTEX_POINT ( 'NONE', #1290 ) ;
#275 = EDGE_CURVE ( 'NONE', #667, #816, #1464, .T. ) ;
#276 = ORIENTED_EDGE ( 'NONE', *, *, #473, .T. ) ;
#277 = EDGE_LOOP ( 'NONE', ( #384, #861, #448, #365 ) ) ;
#278 = AXIS2_PLACEMENT_3D ( 'NONE', #675, #1067, #1192 ) ;
#279 = VERTEX_POINT ( 'NONE', #890 ) ;
#280 = CARTESIAN_POINT ( 'NONE',  ( -0.09999999999999960300, -0.5315072906367330800, 0.5000000000000004400 ) ) ;
#281 = DIRECTION ( 'NONE',  ( 1.000000000000000000, 0.0000000000000000000, 0.0000000000000000000 ) ) ;
#282 = VECTOR ( 'NONE', #1621, 1000.000000000000000 ) ;
#283 = EDGE_CURVE ( 'NONE', #1668, #1496, #1506, .T. ) ;
#284 = CARTESIAN_POINT ( 'NONE',  ( -0.09999999999999958900, 0.1000000000000001600, -0.1500000000000008300 ) ) ;
#285 = PLANE ( 'NONE',  #522 ) ;
#286 = FACE_OUTER_BOUND ( 'NONE', #450, .T. ) ;
#287 = VECTOR ( 'NONE', #139, 1000.000000000000000 ) ;
#288 = CARTESIAN_POINT ( 'NONE',  ( 0.5500000000000000400, 0.3999999999999999700, 0.5500000000000001600 ) ) ;
#289 = LINE ( 'NONE', #1247, #558 ) ;
#290 = DIRECTION ( 'NONE',  ( -1.000000000000000000, 2.775557561562906100E-017, -1.971276677246373200E-016 ) ) ;
#291 = ADVANCED_FACE ( 'NONE', ( #697 ), #1154, .F. ) ;
#292 = ORIENTED_EDGE ( 'NONE', *, *, #294, .F. ) ;
#293 = VERTEX_POINT ( 'NONE', #897 ) ;
#294 = EDGE_CURVE ( 'NONE', #1496, #1565, #938, .T. ) ;
#295 = ORIENTED_EDGE ( 'NONE', *, *, #727, .F. ) ;
#296 = ORIENTED_EDGE ( 'NONE', *, *, #1062, .F. ) ;
#297 = AXIS2_PLACEMENT_3D ( 'NONE', #1114, #729, #1491 ) ;
#298 = VERTEX_POINT ( 'NONE', #517 ) ;
#299 = CARTESIAN_POINT ( 'NONE',  ( -0.5000000000000006700, 0.1000000000000007000, -0.5000000000000004400 ) ) ;
#300 = VECTOR ( 'NONE', #172, 1000.000000000000000 ) ;
#301 = ADVANCED_BREP_SHAPE_REPRESENTATION ( 'AAK001-14E', ( #236, #1631, #1412, #256, #854, #963, #1400 ), #1376 ) ;
#302 = FILL_AREA_STYLE_COLOUR ( '', #1678 ) ;
#303 = VECTOR ( 'NONE', #670, 1000.000000000000000 ) ;
#304 = EDGE_CURVE ( 'NONE', #1565, #776, #169, .T. ) ;
#305 = DIRECTION ( 'NONE',  ( 1.000000000000000000, -2.775557561562906100E-017, 1.971276677246373200E-016 ) ) ;
#306 = LINE ( 'NONE', #82, #1642 ) ;
#307 = VECTOR ( 'NONE', #1138, 1000.000000000000000 ) ;
#308 = AXIS2_PLACEMENT_3D ( 'NONE', #405, #1311, #1441 ) ;
#309 = CARTESIAN_POINT ( 'NONE',  ( 0.09999999999999917300, -0.5315072906367326300, -0.1500000000000008300 ) ) ;
#310 = ORIENTED_EDGE ( 'NONE', *, *, #915, .T. ) ;
#311 = PLANE ( 'NONE',  #531 ) ;
#312 = PLANE ( 'NONE',  #72 ) ;
#313 = ORIENTED_EDGE ( 'NONE', *, *, #520, .F. ) ;
#314 = EDGE_LOOP ( 'NONE', ( #877, #292, #607, #1090 ) ) ;
#315 = DIRECTION ( 'NONE',  ( -1.971276677246373500E-016, -6.661338147750936300E-016, 1.000000000000000000 ) ) ;
#316 = VERTEX_POINT ( 'NONE', #632 ) ;
#317 = DIRECTION ( 'NONE',  ( 1.971276677246371000E-016, 6.661338147750936300E-016, -1.000000000000000000 ) ) ;
#318 = ORIENTED_EDGE ( 'NONE', *, *, #927, .T. ) ;
#319 = CARTESIAN_POINT ( 'NONE',  ( -2.057382042508492400E-016, 0.0000000000000000000, 0.0000000000000000000 ) ) ;
#320 = CARTESIAN_POINT ( 'NONE',  ( -0.09999999999999958900, 0.0000000000000000000, 0.0000000000000000000 ) ) ;
#321 = VERTEX_POINT ( 'NONE', #1037 ) ;
#322 = EDGE_CURVE ( 'NONE', #1655, #776, #1244, .T. ) ;
#323 = DIRECTION ( 'NONE',  ( 2.775557561562906100E-017, 1.000000000000000000, 2.600065509977687900E-047 ) ) ;
#324 = AXIS2_PLACEMENT_3D ( 'NONE', #377, #1283, #1676 ) ;
#325 = DIRECTION ( 'NONE',  ( -1.000000000000000000, 2.775557561562906100E-017, -1.971276677246373200E-016 ) ) ;
#326 = VECTOR ( 'NONE', #627, 1000.000000000000000 ) ;
#327 = DIRECTION ( 'NONE',  ( 2.775557561562893200E-017, 1.000000000000000000, 0.0000000000000000000 ) ) ;
#328 = VECTOR ( 'NONE', #991, 1000.000000000000000 ) ;
#329 = DIRECTION ( 'NONE',  ( 2.775557561562906100E-017, 1.000000000000000000, 2.600065509977687900E-047 ) ) ;
#330 = CARTESIAN_POINT ( 'NONE',  ( -0.5500000000000003800, 0.3999999999999998600, 0.5500000000000001600 ) ) ;
#331 = VECTOR ( 'NONE', #1162, 1000.000000000000000 ) ;
#332 = EDGE_CURVE ( 'NONE', #772, #379, #1340, .T. ) ;
#333 = DIRECTION ( 'NONE',  ( 2.775557561562906100E-017, 1.000000000000000000, 2.600065509977687900E-047 ) ) ;
#334 = CYLINDRICAL_SURFACE ( 'NONE', #1353, 0.05693748062634412800 ) ;
#335 = FACE_OUTER_BOUND ( 'NONE', #1591, .T. ) ;
#336 = EDGE_LOOP ( 'NONE', ( #441, #374, #788, #1473 ) ) ;
#337 = DIRECTION ( 'NONE',  ( 1.000000000000000000, -2.775557561562906100E-017, 1.971276677246370800E-016 ) ) ;
#338 = ADVANCED_FACE ( 'NONE', ( #739 ), #370, .F. ) ;
#339 = FILL_AREA_STYLE ('',( #980 ) ) ;
#340 = ORIENTED_EDGE ( 'NONE', *, *, #642, .F. ) ;
#341 = EDGE_LOOP ( 'NONE', ( #527, #751, #102, #728 ) ) ;
#342 = DIRECTION ( 'NONE',  ( 2.775557561562893200E-017, 1.000000000000000000, 0.0000000000000000000 ) ) ;
#343 = ORIENTED_EDGE ( 'NONE', *, *, #552, .F. ) ;
#344 = VERTEX_POINT ( 'NONE', #388 ) ;
#345 = CARTESIAN_POINT ( 'NONE',  ( -0.3800084675873451900, 0.4000000000000005200, -0.3803260961774412900 ) ) ;
#346 = STYLED_ITEM ( 'NONE', ( #1620 ), #963 ) ;
#347 = VECTOR ( 'NONE', #581, 1000.000000000000000 ) ;
#348 = VECTOR ( 'NONE', #14, 1000.000000000000000 ) ;
#349 = CARTESIAN_POINT ( 'NONE',  ( 0.5000000000000003300, -0.5315072906367326300, 0.1499999999999990800 ) ) ;
#350 = VECTOR ( 'NONE', #976, 1000.000000000000000 ) ;
#351 = CYLINDRICAL_SURFACE ( 'NONE', #420, 0.05693748062634412800 ) ;
#352 = FILL_AREA_STYLE ('',( #1256 ) ) ;
#353 = ADVANCED_FACE ( 'NONE', ( #371 ), #1042, .F. ) ;
#354 = VECTOR ( 'NONE', #711, 1000.000000000000000 ) ;
#355 = DIRECTION ( 'NONE',  ( -1.000000000000000000, 2.775557561562906100E-017, -1.971276677246370800E-016 ) ) ;
#356 = CARTESIAN_POINT ( 'NONE',  ( -0.3800084675873451900, 0.3000000000000004300, -0.3803260961774412900 ) ) ;
#357 = EDGE_LOOP ( 'NONE', ( #1455, #540, #1634, #1451 ) ) ;
#358 = ORIENTED_EDGE ( 'NONE', *, *, #1257, .F. ) ;
#359 = DIRECTION ( 'NONE',  ( -1.971276677246373500E-016, -6.661338147750936300E-016, 1.000000000000000000 ) ) ;
#360 = ORIENTED_EDGE ( 'NONE', *, *, #81, .F. ) ;
#361 = CARTESIAN_POINT ( 'NONE',  ( -0.5000000000000006700, -4.336808689942017700E-016, 0.5000000000000004400 ) ) ;
#362 =( NAMED_UNIT ( * ) PLANE_ANGLE_UNIT ( ) SI_UNIT ( $, .RADIAN. ) );
#363 = ORIENTED_EDGE ( 'NONE', *, *, #1557, .T. ) ;
#364 = ADVANCED_FACE ( 'NONE', ( #519 ), #835, .F. ) ;
#365 = ORIENTED_EDGE ( 'NONE', *, *, #1307, .T. ) ;
#366 = EDGE_CURVE ( 'NONE', #99, #710, #1286, .T. ) ;
#367 = LINE ( 'NONE', #686, #1059 ) ;
#368 = DIRECTION ( 'NONE',  ( -1.000000000000000000, 2.775557561562906100E-017, -1.971276677246373200E-016 ) ) ;
#369 = LINE ( 'NONE', #1384, #1442 ) ;
#370 = PLANE ( 'NONE',  #375 ) ;
#371 = FACE_OUTER_BOUND ( 'NONE', #54, .T. ) ;
#372 = CARTESIAN_POINT ( 'NONE',  ( 0.5000000000000003300, -0.5315072906367326300, 0.1499999999999990800 ) ) ;
#373 = EDGE_CURVE ( 'NONE', #803, #821, #658, .T. ) ;
#374 = ORIENTED_EDGE ( 'NONE', *, *, #1383, .F. ) ;
#375 = AXIS2_PLACEMENT_3D ( 'NONE', #248, #904, #1160 ) ;
#376 = ORIENTED_EDGE ( 'NONE', *, *, #584, .F. ) ;
#377 = CARTESIAN_POINT ( 'NONE',  ( 0.5500000000000000400, 0.3999999999999999700, 0.5500000000000001600 ) ) ;
#378 = DIRECTION ( 'NONE',  ( -1.971276677246370800E-016, -6.661338147750936300E-016, 1.000000000000000000 ) ) ;
#379 = VERTEX_POINT ( 'NONE', #1365 ) ;
#380 = ORIENTED_EDGE ( 'NONE', *, *, #733, .F. ) ;
#381 = ORIENTED_EDGE ( 'NONE', *, *, #1021, .F. ) ;
#382 = CARTESIAN_POINT ( 'NONE',  ( -2.029626466892863800E-016, 0.1000000000000002600, 0.0000000000000000000 ) ) ;
#383 = CARTESIAN_POINT ( 'NONE',  ( 0.5000000000000003300, -0.5315072906367326300, -0.1500000000000008300 ) ) ;
#384 = ORIENTED_EDGE ( 'NONE', *, *, #183, .F. ) ;
#385 = EDGE_CURVE ( 'NONE', #1590, #710, #1426, .T. ) ;
#386 = VECTOR ( 'NONE', #368, 1000.000000000000000 ) ;
#387 = DIRECTION ( 'NONE',  ( -1.000000000000000000, 0.0000000000000000000, 0.0000000000000000000 ) ) ;
#388 = CARTESIAN_POINT ( 'NONE',  ( 0.09999999999999918700, 0.0000000000000000000, -0.1500000000000008300 ) ) ;
#389 = FACE_OUTER_BOUND ( 'NONE', #1650, .T. ) ;
#390 = DIRECTION ( 'NONE',  ( 1.971276677246370800E-016, 6.661338147750936300E-016, -1.000000000000000000 ) ) ;
#391 = LINE ( 'NONE', #216, #1481 ) ;
#392 =( LENGTH_UNIT ( ) NAMED_UNIT ( * ) SI_UNIT ( .MILLI., .METRE. ) );
#393 = FACE_BOUND ( 'NONE', #254, .T. ) ;
#394 = DIRECTION ( 'NONE',  ( 1.000000000000000000, -2.775557561562906100E-017, 1.971276677246373200E-016 ) ) ;
#395 = ORIENTED_EDGE ( 'NONE', *, *, #275, .T. ) ;
#396 = SURFACE_STYLE_USAGE ( .BOTH. , #1674 ) ;
#397 = ORIENTED_EDGE ( 'NONE', *, *, #727, .T. ) ;
#398 = AXIS2_PLACEMENT_3D ( 'NONE', #818, #163, #1207 ) ;
#399 = CARTESIAN_POINT ( 'NONE',  ( 0.09999999999999920100, 0.09999999999999993600, 0.5000000000000004400 ) ) ;
#400 = ORIENTED_EDGE ( 'NONE', *, *, #1279, .F. ) ;
#401 = DIRECTION ( 'NONE',  ( 1.000000000000000000, -2.775557561562906100E-017, 1.971276677246373200E-016 ) ) ;
#402 = ORIENTED_EDGE ( 'NONE', *, *, #1373, .F. ) ;
#403 = ORIENTED_EDGE ( 'NONE', *, *, #975, .T. ) ;
#404 = PLANE ( 'NONE',  #533 ) ;
#405 = CARTESIAN_POINT ( 'NONE',  ( 0.09999999999999917300, -0.5315072906367321900, -0.5000000000000004400 ) ) ;
#406 = EDGE_CURVE ( 'NONE', #749, #12, #1643, .T. ) ;
#407 = SURFACE_STYLE_FILL_AREA ( #352 ) ;
#408 = FACE_OUTER_BOUND ( 'NONE', #59, .T. ) ;
#409 = AXIS2_PLACEMENT_3D ( 'NONE', #1483, #999, #1378 ) ;
#410 = CARTESIAN_POINT ( 'NONE',  ( -0.5000000000000006700, 0.1000000000000002600, 0.0000000000000000000 ) ) ;
#411 = VECTOR ( 'NONE', #829, 1000.000000000000000 ) ;
#412 = ADVANCED_FACE ( 'NONE', ( #1304 ), #1610, .F. ) ;
#413 = DIRECTION ( 'NONE',  ( 2.775557561562906100E-017, 1.000000000000000000, 2.600065509977687900E-047 ) ) ;
#414 = ORIENTED_EDGE ( 'NONE', *, *, #283, .T. ) ;
#415 = CARTESIAN_POINT ( 'NONE',  ( -0.09999999999999958900, -2.168404344971008900E-016, 0.5000000000000004400 ) ) ;
#416 = CARTESIAN_POINT ( 'NONE',  ( 0.5000000000000003300, 0.1000000000000002600, -0.1500000000000008300 ) ) ;
#417 = EDGE_CURVE ( 'NONE', #704, #178, #1409, .T. ) ;
#418 = EDGE_LOOP ( 'NONE', ( #838, #1490, #1085, #1568 ) ) ;
#419 = ORIENTED_EDGE ( 'NONE', *, *, #1397, .T. ) ;
#420 = AXIS2_PLACEMENT_3D ( 'NONE', #698, #814, #198 ) ;
#421 = PLANE ( 'NONE',  #685 ) ;
#422 = VERTEX_POINT ( 'NONE', #1229 ) ;
#423 = ADVANCED_FACE ( 'NONE', ( #1141, #1066, #641, #764, #393 ), #719, .F. ) ;
#424 = DIRECTION ( 'NONE',  ( -1.000000000000000000, 2.775557561562906100E-017, -1.971276677246373200E-016 ) ) ;
#425 = DIRECTION ( 'NONE',  ( 2.775557561562906100E-017, 1.000000000000000000, 2.600065509977687900E-047 ) ) ;
#426 = ORIENTED_EDGE ( 'NONE', *, *, #81, .T. ) ;
#427 = LINE ( 'NONE', #1231, #328 ) ;
#428 = CARTESIAN_POINT ( 'NONE',  ( -2.029626466892863800E-016, 0.1000000000000003700, -0.5000000000000004400 ) ) ;
#429 =( LENGTH_UNIT ( ) NAMED_UNIT ( * ) SI_UNIT ( .MILLI., .METRE. ) );
#430 = VECTOR ( 'NONE', #7, 1000.000000000000000 ) ;
#431 = STYLED_ITEM ( 'NONE', ( #1099 ), #854 ) ;
#432 = LINE ( 'NONE', #1112, #1302 ) ;
#433 = UNCERTAINTY_MEASURE_WITH_UNIT (LENGTH_MEASURE( 1.000000000000000100E-005 ), #647, 'distance_accuracy_value', 'NONE');
#434 = CARTESIAN_POINT ( 'NONE',  ( -0.3230709869610010600, 0.3000000000000004300, -0.3803260961774412900 ) ) ;
#435 = VECTOR ( 'NONE', #761, 1000.000000000000000 ) ;
#436 = PLANE ( 'NONE',  #278 ) ;
#437 = VECTOR ( 'NONE', #378, 1000.000000000000000 ) ;
#438 = LINE ( 'NONE', #1060, #502 ) ;
#439 = CARTESIAN_POINT ( 'NONE',  ( 0.5500000000000000400, 0.4000000000000004100, -0.5500000000000001600 ) ) ;
#440 = DIRECTION ( 'NONE',  ( 1.000000000000000000, -2.775557561562906100E-017, 1.971276677246373200E-016 ) ) ;
#441 = ORIENTED_EDGE ( 'NONE', *, *, #812, .T. ) ;
#442 = ADVANCED_FACE ( 'NONE', ( #1028 ), #1471, .F. ) ;
#443 = CARTESIAN_POINT ( 'NONE',  ( -0.09999999999999958900, -2.168404344971008900E-016, 0.5000000000000004400 ) ) ;
#444 = CARTESIAN_POINT ( 'NONE',  ( -2.057382042508492400E-016, -2.168404344971008900E-016, 0.5000000000000004400 ) ) ;
#445 = CLOSED_SHELL ( 'NONE', ( #481, #866, #1444, #195, #442, #1219, #1005, #423, #546, #1015, #1275, #1604, #22, #767, #364, #338, #1324, #454, #1492, #1091, #111, #1479, #1399, #705, #1108, #353, #1032, #1129, #825, #985 ) ) ;
#446 = MECHANICAL_DESIGN_GEOMETRIC_PRESENTATION_REPRESENTATION (  '', ( #1280 ), #1245 ) ;
#447 = ORIENTED_EDGE ( 'NONE', *, *, #563, .F. ) ;
#448 = ORIENTED_EDGE ( 'NONE', *, *, #683, .T. ) ;
#449 = DIRECTION ( 'NONE',  ( 2.775557561562893200E-017, 1.000000000000000000, 0.0000000000000000000 ) ) ;
#450 = EDGE_LOOP ( 'NONE', ( #1009, #1072 ) ) ;
#451 = CARTESIAN_POINT ( 'NONE',  ( -2.029626466892863800E-016, 0.09999999999999993600, 0.5000000000000004400 ) ) ;
#452 = CARTESIAN_POINT ( 'NONE',  ( 0.5000000000000003300, -2.168404344971008900E-016, 0.5000000000000004400 ) ) ;
#453 = CARTESIAN_POINT ( 'NONE',  ( -0.3800084675873451900, 0.4000000000000005200, -0.3803260961774412900 ) ) ;
#454 = ADVANCED_FACE ( 'NONE', ( #798 ), #189, .F. ) ;
#455 = DIRECTION ( 'NONE',  ( -2.775557561562893200E-017, -1.000000000000000000, 0.0000000000000000000 ) ) ;
#456 = FACE_OUTER_BOUND ( 'NONE', #13, .T. ) ;
#457 = EDGE_CURVE ( 'NONE', #801, #1056, #461, .T. ) ;
#458 = CYLINDRICAL_SURFACE ( 'NONE', #1470, 0.05693748062634412800 ) ;
#459 = DIRECTION ( 'NONE',  ( -1.000000000000000000, 2.775557561562906100E-017, -1.971276677246373200E-016 ) ) ;
#460 = LINE ( 'NONE', #444, #112 ) ;
#461 = LINE ( 'NONE', #1211, #1158 ) ;
#462 = ADVANCED_FACE ( 'NONE', ( #251 ), #334, .T. ) ;
#463 = LINE ( 'NONE', #26, #1667 ) ;
#464 = DIRECTION ( 'NONE',  ( -2.775557561562893200E-017, -1.000000000000000000, 0.0000000000000000000 ) ) ;
#465 = ORIENTED_EDGE ( 'NONE', *, *, #1080, .F. ) ;
#466 = CARTESIAN_POINT ( 'NONE',  ( -0.09999999999999958900, 0.09999999999999993600, 0.1499999999999990800 ) ) ;
#467 = VERTEX_POINT ( 'NONE', #571 ) ;
#468 = PLANE ( 'NONE',  #585 ) ;
#469 = EDGE_CURVE ( 'NONE', #1452, #879, #1322, .T. ) ;
#470 = ORIENTED_EDGE ( 'NONE', *, *, #847, .T. ) ;
#471 = DIRECTION ( 'NONE',  ( -1.000000000000000000, 2.775557561562906100E-017, -1.971276677246373200E-016 ) ) ;
#472 = ORIENTED_EDGE ( 'NONE', *, *, #1151, .F. ) ;
#473 = EDGE_CURVE ( 'NONE', #1609, #1469, #721, .T. ) ;
#474 = PRODUCT_RELATED_PRODUCT_CATEGORY ( 'part', '', ( #239 ) ) ;
#475 = PLANE ( 'NONE',  #297 ) ;
#476 =( NAMED_UNIT ( * ) PLANE_ANGLE_UNIT ( ) SI_UNIT ( $, .RADIAN. ) );
#477 = FACE_OUTER_BOUND ( 'NONE', #1212, .T. ) ;
#478 = CARTESIAN_POINT ( 'NONE',  ( -0.09999999999999958900, 0.0000000000000000000, 0.0000000000000000000 ) ) ;
#479 = FACE_OUTER_BOUND ( 'NONE', #1186, .T. ) ;
#480 = LINE ( 'NONE', #1468, #677 ) ;
#481 = ADVANCED_FACE ( 'NONE', ( #679 ), #351, .F. ) ;
#482 = EDGE_CURVE ( 'NONE', #1590, #31, #1583, .T. ) ;
#483 = VECTOR ( 'NONE', #846, 1000.000000000000000 ) ;
#484 = AXIS2_PLACEMENT_3D ( 'NONE', #1382, #745, #880 ) ;
#485 = ORIENTED_EDGE ( 'NONE', *, *, #812, .F. ) ;
#486 =( NAMED_UNIT ( * ) PLANE_ANGLE_UNIT ( ) SI_UNIT ( $, .RADIAN. ) );
#487 = CARTESIAN_POINT ( 'NONE',  ( -0.3800084675873451900, 0.3000000000000004300, -0.3803260961774412900 ) ) ;
#488 = ORIENTED_EDGE ( 'NONE', *, *, #1035, .F. ) ;
#489 = VERTEX_POINT ( 'NONE', #822 ) ;
#490 = ORIENTED_EDGE ( 'NONE', *, *, #584, .T. ) ;
#491 = ORIENTED_EDGE ( 'NONE', *, *, #40, .T. ) ;
#492 = ORIENTED_EDGE ( 'NONE', *, *, #1429, .F. ) ;
#493 = DIRECTION ( 'NONE',  ( -1.971276677246371000E-016, -6.661338147750936300E-016, 1.000000000000000000 ) ) ;
#494 = DIRECTION ( 'NONE',  ( -2.775557561562893200E-017, -1.000000000000000000, -0.0000000000000000000 ) ) ;
#495 = LINE ( 'NONE', #1679, #1598 ) ;
#496 = CARTESIAN_POINT ( 'NONE',  ( 0.09999999999999918700, 4.336808689942017700E-016, -0.5000000000000004400 ) ) ;
#497 = EDGE_CURVE ( 'NONE', #31, #687, #89, .T. ) ;
#498 = SURFACE_STYLE_FILL_AREA ( #1336 ) ;
#499 = EDGE_CURVE ( 'NONE', #990, #1273, #1201, .T. ) ;
#500 = CARTESIAN_POINT ( 'NONE',  ( -2.057382042508492400E-016, 0.0000000000000000000, 0.0000000000000000000 ) ) ;
#501 = SURFACE_SIDE_STYLE ('',( #521 ) ) ;
#502 = VECTOR ( 'NONE', #930, 1000.000000000000000 ) ;
#503 = ORIENTED_EDGE ( 'NONE', *, *, #206, .F. ) ;
#504 = CARTESIAN_POINT ( 'NONE',  ( 0.5000000000000003300, -2.168404344971008900E-016, 0.5000000000000004400 ) ) ;
#505 = VERTEX_POINT ( 'NONE', #619 ) ;
#506 = DIRECTION ( 'NONE',  ( 2.775557561562893200E-017, 1.000000000000000000, 0.0000000000000000000 ) ) ;
#507 = ORIENTED_EDGE ( 'NONE', *, *, #1637, .T. ) ;
#508 = DIRECTION ( 'NONE',  ( 2.775557561562893200E-017, 1.000000000000000000, 0.0000000000000000000 ) ) ;
#509 = ORIENTED_EDGE ( 'NONE', *, *, #1504, .T. ) ;
#510 = EDGE_CURVE ( 'NONE', #1073, #648, #289, .T. ) ;
#511 = PLANE ( 'NONE',  #1200 ) ;
#512 = CARTESIAN_POINT ( 'NONE',  ( 0.5500000000000000400, 0.4000000000000004100, -0.5500000000000001600 ) ) ;
#513 = PRESENTATION_LAYER_ASSIGNMENT (  '', '', ( #8 ) ) ;
#514 = DIRECTION ( 'NONE',  ( -1.000000000000000000, 2.775557561562906100E-017, -1.971276677246373200E-016 ) ) ;
#515 = CIRCLE ( 'NONE', #850, 0.05693748062634412800 ) ;
#516 = CARTESIAN_POINT ( 'NONE',  ( -0.3800084675873451900, 0.4000000000000005200, -0.3803260961774412900 ) ) ;
#517 = CARTESIAN_POINT ( 'NONE',  ( -0.09999999999999960300, 0.1000000000000004800, -0.4000000000000010200 ) ) ;
#518 = VECTOR ( 'NONE', #924, 1000.000000000000000 ) ;
#519 = FACE_OUTER_BOUND ( 'NONE', #143, .T. ) ;
#520 = EDGE_CURVE ( 'NONE', #1611, #1592, #1546, .T. ) ;
#521 = SURFACE_STYLE_FILL_AREA ( #1132 ) ;
#522 = AXIS2_PLACEMENT_3D ( 'NONE', #557, #947, #1453 ) ;
#523 = EDGE_LOOP ( 'NONE', ( #153, #992, #604, #363 ) ) ;
#524 = EDGE_LOOP ( 'NONE', ( #1420, #1234, #56, #1673 ) ) ;
#525 = CARTESIAN_POINT ( 'NONE',  ( 0.09999999999999920100, 0.09999999999999993600, 0.5000000000000004400 ) ) ;
#526 = ORIENTED_EDGE ( 'NONE', *, *, #1429, .T. ) ;
#527 = ORIENTED_EDGE ( 'NONE', *, *, #1557, .F. ) ;
#528 = CARTESIAN_POINT ( 'NONE',  ( 0.09999999999999918700, 0.1000000000000003700, -0.5000000000000004400 ) ) ;
#529 = CARTESIAN_POINT ( 'NONE',  ( -0.09999999999999958900, 0.1000000000000001600, -0.1500000000000008300 ) ) ;
#530 = PRODUCT_CONTEXT ( 'NONE', #1401, 'mechanical' ) ;
#531 = AXIS2_PLACEMENT_3D ( 'NONE', #319, #1259, #305 ) ;
#532 = DIRECTION ( 'NONE',  ( 1.971276677246373500E-016, 6.661338147750936300E-016, -1.000000000000000000 ) ) ;
#533 = AXIS2_PLACEMENT_3D ( 'NONE', #918, #413, #544 ) ;
#534 = LINE ( 'NONE', #288, #303 ) ;
#535 = FACE_OUTER_BOUND ( 'NONE', #1558, .T. ) ;
#536 = VECTOR ( 'NONE', #390, 1000.000000000000000 ) ;
#537 = CARTESIAN_POINT ( 'NONE',  ( -0.09999999999999958900, 0.0000000000000000000, 0.1499999999999990800 ) ) ;
#538 = LINE ( 'NONE', #1392, #836 ) ;
#539 = CARTESIAN_POINT ( 'NONE',  ( -0.4369459482136893200, 0.4000000000000005200, -0.3803260961774412900 ) ) ;
#540 = ORIENTED_EDGE ( 'NONE', *, *, #1074, .F. ) ;
#541 = EDGE_CURVE ( 'NONE', #704, #136, #810, .T. ) ;
#542 = EDGE_LOOP ( 'NONE', ( #1040, #1205, #1414, #1573, #1671 ) ) ;
#543 = AXIS2_PLACEMENT_3D ( 'NONE', #453, #333, #575 ) ;
#544 = DIRECTION ( 'NONE',  ( 1.000000000000000000, -2.775557561562906100E-017, 1.971276677246373200E-016 ) ) ;
#545 = ORIENTED_EDGE ( 'NONE', *, *, #469, .T. ) ;
#546 = ADVANCED_FACE ( 'NONE', ( #46 ), #73, .T. ) ;
#547 = CARTESIAN_POINT ( 'NONE',  ( -0.09999999999999958900, 0.09999999999999993600, 0.1499999999999990800 ) ) ;
#548 = ORIENTED_EDGE ( 'NONE', *, *, #1337, .T. ) ;
#549 = ORIENTED_EDGE ( 'NONE', *, *, #18, .F. ) ;
#550 = CARTESIAN_POINT ( 'NONE',  ( 0.09999999999999920100, -2.168404344971008900E-016, 0.5000000000000004400 ) ) ;
#551 = EDGE_CURVE ( 'NONE', #1273, #821, #133, .T. ) ;
#552 = EDGE_CURVE ( 'NONE', #841, #645, #1366, .T. ) ;
#553 = VECTOR ( 'NONE', #1128, 1000.000000000000000 ) ;
#554 = DIRECTION ( 'NONE',  ( 1.000000000000000000, -2.775557561562906100E-017, 1.971276677246370800E-016 ) ) ;
#555 = CIRCLE ( 'NONE', #873, 0.05693748062634412800 ) ;
#556 = VECTOR ( 'NONE', #1550, 1000.000000000000000 ) ;
#557 = CARTESIAN_POINT ( 'NONE',  ( 0.09999999999999920100, 0.1000000000000001600, -0.1500000000000008300 ) ) ;
#558 = VECTOR ( 'NONE', #1253, 1000.000000000000000 ) ;
#559 = VECTOR ( 'NONE', #1645, 1000.000000000000000 ) ;
#560 = ADVANCED_FACE ( 'NONE', ( #6 ), #606, .F. ) ;
#561 = ORIENTED_EDGE ( 'NONE', *, *, #937, .F. ) ;
#562 = DIRECTION ( 'NONE',  ( 1.000000000000000000, -2.775557561562906100E-017, 1.971276677246373200E-016 ) ) ;
#563 = EDGE_CURVE ( 'NONE', #489, #1332, #1177, .T. ) ;
#564 = EDGE_LOOP ( 'NONE', ( #509, #1675, #548, #770 ) ) ;
#565 = ORIENTED_EDGE ( 'NONE', *, *, #215, .T. ) ;
#566 = AXIS2_PLACEMENT_3D ( 'NONE', #247, #778, #631 ) ;
#567 = VERTEX_POINT ( 'NONE', #1406 ) ;
#568 = PLANE ( 'NONE',  #1477 ) ;
#569 = CARTESIAN_POINT ( 'NONE',  ( -0.09999999999999958900, 0.09999999999999993600, 0.5000000000000004400 ) ) ;
#570 = ORIENTED_EDGE ( 'NONE', *, *, #61, .F. ) ;
#571 = CARTESIAN_POINT ( 'NONE',  ( 0.5500000000000000400, 4.336808689942017700E-016, -0.5500000000000001600 ) ) ;
#572 = SURFACE_STYLE_USAGE ( .BOTH. , #1217 ) ;
#573 = COLOUR_RGB ( '',0.7921568627450980000, 0.8196078431372548800, 0.9333333333333333500 ) ;
#574 = CARTESIAN_POINT ( 'NONE',  ( 0.5500000000000000400, 0.4000000000000004100, -0.5500000000000001600 ) ) ;
#575 = DIRECTION ( 'NONE',  ( 1.000000000000000000, -2.775557561562906100E-017, 1.971276677246373200E-016 ) ) ;
#576 = AXIS2_PLACEMENT_3D ( 'NONE', #439, #52, #706 ) ;
#577 = DIRECTION ( 'NONE',  ( -1.000000000000000000, 2.775557561562906100E-017, -1.971276677246373200E-016 ) ) ;
#578 = CIRCLE ( 'NONE', #663, 0.05693748062634412800 ) ;
#579 = ORIENTED_EDGE ( 'NONE', *, *, #1288, .T. ) ;
#580 = ORIENTED_EDGE ( 'NONE', *, *, #1269, .T. ) ;
#581 = DIRECTION ( 'NONE',  ( 1.971276677246370800E-016, 6.661338147750936300E-016, -1.000000000000000000 ) ) ;
#582 = SURFACE_SIDE_STYLE ('',( #1026 ) ) ;
#583 = ORIENTED_EDGE ( 'NONE', *, *, #283, .F. ) ;
#584 = EDGE_CURVE ( 'NONE', #293, #178, #1223, .T. ) ;
#585 = AXIS2_PLACEMENT_3D ( 'NONE', #1612, #337, #731 ) ;
#586 = EDGE_LOOP ( 'NONE', ( #579, #154, #1104, #1394 ) ) ;
#587 = PLANE ( 'NONE',  #815 ) ;
#588 = UNCERTAINTY_MEASURE_WITH_UNIT (LENGTH_MEASURE( 1.000000000000000100E-005 ), #429, 'distance_accuracy_value', 'NONE');
#589 = DIRECTION ( 'NONE',  ( -1.971276677246373500E-016, -6.661338147750936300E-016, 1.000000000000000000 ) ) ;
#590 = SURFACE_STYLE_FILL_AREA ( #1303 ) ;
#591 = LINE ( 'NONE', #1105, #347 ) ;
#592 = ADVANCED_FACE ( 'NONE', ( #1601 ), #1417, .F. ) ;
#593 = EDGE_CURVE ( 'NONE', #1655, #1496, #1364, .T. ) ;
#594 = LINE ( 'NONE', #1172, #556 ) ;
#595 = DIRECTION ( 'NONE',  ( 1.000000000000000000, -2.775557561562906100E-017, 1.971276677246373200E-016 ) ) ;
#596 = VECTOR ( 'NONE', #223, 1000.000000000000000 ) ;
#597 = DIRECTION ( 'NONE',  ( -1.971276677246370800E-016, -6.661338147750936300E-016, 1.000000000000000000 ) ) ;
#598 = DIRECTION ( 'NONE',  ( -2.775557561562893200E-017, -1.000000000000000000, -0.0000000000000000000 ) ) ;
#599 = EDGE_LOOP ( 'NONE', ( #343, #1329, #472, #1495 ) ) ;
#600 = ADVANCED_FACE ( 'NONE', ( #874 ), #152, .F. ) ;
#601 = DIRECTION ( 'NONE',  ( -1.000000000000000000, 2.775557561562906100E-017, -1.971276677246373200E-016 ) ) ;
#602 = VERTEX_POINT ( 'NONE', #1543 ) ;
#603 = DIRECTION ( 'NONE',  ( 0.7071067811865477900, 4.163336342344333600E-016, -0.7071067811865473500 ) ) ;
#604 = ORIENTED_EDGE ( 'NONE', *, *, #1021, .T. ) ;
#605 =( GEOMETRIC_REPRESENTATION_CONTEXT ( 3 ) GLOBAL_UNCERTAINTY_ASSIGNED_CONTEXT ( ( #588 ) ) GLOBAL_UNIT_ASSIGNED_CONTEXT ( ( #429, #1333, #158 ) ) REPRESENTATION_CONTEXT ( 'NONE', 'WORKASPACE' ) );
#606 = PLANE ( 'NONE',  #917 ) ;
#607 = ORIENTED_EDGE ( 'NONE', *, *, #593, .F. ) ;
#608 = PLANE ( 'NONE',  #909 ) ;
#609 = UNCERTAINTY_MEASURE_WITH_UNIT (LENGTH_MEASURE( 1.000000000000000100E-005 ), #613, 'distance_accuracy_value', 'NONE');
#610 = CARTESIAN_POINT ( 'NONE',  ( -0.5000000000000006700, -0.5315072906367328500, 0.5000000000000004400 ) ) ;
#611 = FACE_OUTER_BOUND ( 'NONE', #1555, .T. ) ;
#612 = VECTOR ( 'NONE', #506, 1000.000000000000000 ) ;
#613 =( LENGTH_UNIT ( ) NAMED_UNIT ( * ) SI_UNIT ( .MILLI., .METRE. ) );
#614 = VECTOR ( 'NONE', #961, 1000.000000000000000 ) ;
#615 = CARTESIAN_POINT ( 'NONE',  ( 0.09999999999999920100, 0.09999999999999993600, 0.1499999999999990800 ) ) ;
#616 = DIRECTION ( 'NONE',  ( 1.000000000000000000, -2.775557561562906100E-017, 1.971276677246373200E-016 ) ) ;
#617 = FACE_OUTER_BOUND ( 'NONE', #888, .T. ) ;
#618 = PRESENTATION_LAYER_ASSIGNMENT (  '', '', ( #929 ) ) ;
#619 = CARTESIAN_POINT ( 'NONE',  ( -0.5000000000000006700, 4.336808689942017700E-016, -0.5000000000000004400 ) ) ;
#620 = EDGE_LOOP ( 'NONE', ( #995, #800, #1552, #1070 ) ) ;
#621 =( NAMED_UNIT ( * ) SI_UNIT ( $, .STERADIAN. ) SOLID_ANGLE_UNIT ( ) );
#622 = ORIENTED_EDGE ( 'NONE', *, *, #773, .F. ) ;
#623 = DIRECTION ( 'NONE',  ( -2.775557561562906100E-017, -1.000000000000000000, -2.600065509977687900E-047 ) ) ;
#624 = CARTESIAN_POINT ( 'NONE',  ( -0.5000000000000006700, 0.1000000000000000500, 0.1499999999999990800 ) ) ;
#625 = VERTEX_POINT ( 'NONE', #539 ) ;
#626 = EDGE_LOOP ( 'NONE', ( #507, #142, #1068, #276 ) ) ;
#627 = DIRECTION ( 'NONE',  ( 1.971276677246370800E-016, 6.661338147750936300E-016, -1.000000000000000000 ) ) ;
#628 = EDGE_CURVE ( 'NONE', #1179, #1452, #1242, .T. ) ;
#629 = ADVANCED_FACE ( 'NONE', ( #233 ), #905, .F. ) ;
#630 = EDGE_LOOP ( 'NONE', ( #1127, #813, #1570, #414 ) ) ;
#631 = DIRECTION ( 'NONE',  ( 1.971276677246371000E-016, 6.661338147750936300E-016, -1.000000000000000000 ) ) ;
#632 = CARTESIAN_POINT ( 'NONE',  ( -0.5000000000000006700, 2.168404344971008900E-016, -0.1500000000000008300 ) ) ;
#633 = MECHANICAL_DESIGN_GEOMETRIC_PRESENTATION_REPRESENTATION (  '', ( #346 ), #1235 ) ;
#634 = DIRECTION ( 'NONE',  ( -1.000000000000000000, 2.775557561562906100E-017, -1.971276677246373200E-016 ) ) ;
#635 = FACE_OUTER_BOUND ( 'NONE', #902, .T. ) ;
#636 = DIRECTION ( 'NONE',  ( 1.000000000000000000, -2.775557561562906100E-017, 1.971276677246373200E-016 ) ) ;
#637 = CARTESIAN_POINT ( 'NONE',  ( 0.09999999999999920100, 0.1000000000000001600, -0.1500000000000008300 ) ) ;
#638 = VECTOR ( 'NONE', #77, 1000.000000000000000 ) ;
#639 = CARTESIAN_POINT ( 'NONE',  ( -0.09999999999999961700, -0.5315072906367326300, -0.1500000000000008300 ) ) ;
#640 = VECTOR ( 'NONE', #911, 1000.000000000000000 ) ;
#641 = FACE_BOUND ( 'NONE', #357, .T. ) ;
#642 = EDGE_CURVE ( 'NONE', #1073, #1332, #1581, .T. ) ;
#643 =( NAMED_UNIT ( * ) SI_UNIT ( $, .STERADIAN. ) SOLID_ANGLE_UNIT ( ) );
#644 = VECTOR ( 'NONE', #871, 1000.000000000000000 ) ;
#645 = VERTEX_POINT ( 'NONE', #659 ) ;
#646 = ORIENTED_EDGE ( 'NONE', *, *, #840, .T. ) ;
#647 =( LENGTH_UNIT ( ) NAMED_UNIT ( * ) SI_UNIT ( .MILLI., .METRE. ) );
#648 = VERTEX_POINT ( 'NONE', #1435 ) ;
#649 = DIRECTION ( 'NONE',  ( 2.775557561562893200E-017, 1.000000000000000000, 0.0000000000000000000 ) ) ;
#650 = ORIENTED_EDGE ( 'NONE', *, *, #373, .T. ) ;
#651 = ORIENTED_EDGE ( 'NONE', *, *, #1447, .T. ) ;
#652 = EDGE_CURVE ( 'NONE', #141, #298, #981, .T. ) ;
#653 = DIRECTION ( 'NONE',  ( -1.971276677246371000E-016, -6.661338147750936300E-016, 1.000000000000000000 ) ) ;
#654 = STYLED_ITEM ( 'NONE', ( #808 ), #1412 ) ;
#655 = CARTESIAN_POINT ( 'NONE',  ( -2.029626466892863800E-016, 0.1000000000000002600, 0.0000000000000000000 ) ) ;
#656 = FACE_OUTER_BOUND ( 'NONE', #1232, .T. ) ;
#657 = CARTESIAN_POINT ( 'NONE',  ( 0.09999999999999920100, 0.09999999999999993600, 0.5000000000000004400 ) ) ;
#658 = LINE ( 'NONE', #466, #411 ) ;
#659 = CARTESIAN_POINT ( 'NONE',  ( -0.5000000000000006700, 2.168404344971008900E-016, -0.1500000000000008300 ) ) ;
#660 = EDGE_CURVE ( 'NONE', #19, #1433, #853, .T. ) ;
#661 = LINE ( 'NONE', #452, #253 ) ;
#662 = APPLICATION_PROTOCOL_DEFINITION ( 'draft international standard', 'automotive_design', 1998, #4 ) ;
#663 = AXIS2_PLACEMENT_3D ( 'NONE', #780, #649, #793 ) ;
#664 = ORIENTED_EDGE ( 'NONE', *, *, #1419, .F. ) ;
#665 = CARTESIAN_POINT ( 'NONE',  ( -0.5500000000000003800, 0.4000000000000005800, -0.5500000000000001600 ) ) ;
#666 = ORIENTED_EDGE ( 'NONE', *, *, #1241, .F. ) ;
#667 = VERTEX_POINT ( 'NONE', #529 ) ;
#668 = ORIENTED_EDGE ( 'NONE', *, *, #497, .T. ) ;
#669 = ORIENTED_EDGE ( 'NONE', *, *, #642, .T. ) ;
#670 = DIRECTION ( 'NONE',  ( 2.775557561562893200E-017, 1.000000000000000000, 0.0000000000000000000 ) ) ;
#671 = VERTEX_POINT ( 'NONE', #261 ) ;
#672 = EDGE_CURVE ( 'NONE', #648, #489, #250, .T. ) ;
#673 = EDGE_CURVE ( 'NONE', #845, #422, #898, .T. ) ;
#674 = CARTESIAN_POINT ( 'NONE',  ( -0.5000000000000006700, -0.5315072906367326300, 0.1499999999999990800 ) ) ;
#675 = CARTESIAN_POINT ( 'NONE',  ( -1.946359740045976900E-016, 0.4000000000000000800, 0.0000000000000000000 ) ) ;
#676 = LINE ( 'NONE', #1499, #1220 ) ;
#677 = VECTOR ( 'NONE', #181, 1000.000000000000000 ) ;
#678 = CARTESIAN_POINT ( 'NONE',  ( 0.5000000000000003300, 0.0000000000000000000, 0.1500000000000008300 ) ) ;
#679 = FACE_OUTER_BOUND ( 'NONE', #418, .T. ) ;
#680 = CARTESIAN_POINT ( 'NONE',  ( -0.5000000000000006700, 0.1000000000000000500, -0.1500000000000008300 ) ) ;
#681 = CARTESIAN_POINT ( 'NONE',  ( -0.2000000000000007300, 4.336808689942017700E-016, -0.5000000000000004400 ) ) ;
#682 = VECTOR ( 'NONE', #424, 1000.000000000000000 ) ;
#683 = EDGE_CURVE ( 'NONE', #1452, #1519, #212, .T. ) ;
#684 = ORIENTED_EDGE ( 'NONE', *, *, #1111, .T. ) ;
#685 = AXIS2_PLACEMENT_3D ( 'NONE', #1076, #1110, #1359 ) ;
#686 = CARTESIAN_POINT ( 'NONE',  ( -2.057382042508492400E-016, 0.0000000000000000000, 0.1499999999999990800 ) ) ;
#687 = VERTEX_POINT ( 'NONE', #525 ) ;
#688 = CARTESIAN_POINT ( 'NONE',  ( 0.09999999999999920100, 0.09999999999999993600, 0.1499999999999990800 ) ) ;
#689 = ORIENTED_EDGE ( 'NONE', *, *, #1173, .T. ) ;
#690 = ORIENTED_EDGE ( 'NONE', *, *, #520, .T. ) ;
#691 = ORIENTED_EDGE ( 'NONE', *, *, #482, .T. ) ;
#692 = CARTESIAN_POINT ( 'NONE',  ( -1.946359740045976900E-016, 0.4000000000000004700, -0.5500000000000001600 ) ) ;
#693 = LINE ( 'NONE', #309, #300 ) ;
#694 =( LENGTH_UNIT ( ) NAMED_UNIT ( * ) SI_UNIT ( .MILLI., .METRE. ) );
#695 = LINE ( 'NONE', #130, #348 ) ;
#696 = CARTESIAN_POINT ( 'NONE',  ( 0.09999999999999918700, 4.336808689942017700E-016, -0.5000000000000004400 ) ) ;
#697 = FACE_OUTER_BOUND ( 'NONE', #341, .T. ) ;
#698 = CARTESIAN_POINT ( 'NONE',  ( -0.3800084675873451900, 0.3000000000000004300, -0.3803260961774412900 ) ) ;
#699 = VECTOR ( 'NONE', #186, 1000.000000000000000 ) ;
#700 = CARTESIAN_POINT ( 'NONE',  ( -2.029626466892863800E-016, 0.1000000000000002600, 0.0000000000000000000 ) ) ;
#701 = CARTESIAN_POINT ( 'NONE',  ( 0.5000000000000003300, 4.336808689942017700E-016, -0.5000000000000004400 ) ) ;
#702 =( NAMED_UNIT ( * ) SI_UNIT ( $, .STERADIAN. ) SOLID_ANGLE_UNIT ( ) );
#703 = PRESENTATION_LAYER_ASSIGNMENT (  '', '', ( #5 ) ) ;
#704 = VERTEX_POINT ( 'NONE', #1427 ) ;
#705 = ADVANCED_FACE ( 'NONE', ( #167 ), #1317, .F. ) ;
#706 = DIRECTION ( 'NONE',  ( -1.540743955509787900E-032, -6.661338147750936300E-016, 1.000000000000000000 ) ) ;
#707 = EDGE_LOOP ( 'NONE', ( #1167, #1255, #942, #545 ) ) ;
#708 =( GEOMETRIC_REPRESENTATION_CONTEXT ( 3 ) GLOBAL_UNCERTAINTY_ASSIGNED_CONTEXT ( ( #28 ) ) GLOBAL_UNIT_ASSIGNED_CONTEXT ( ( #392, #892, #1034 ) ) REPRESENTATION_CONTEXT ( 'NONE', 'WORKASPACE' ) );
#709 = DIRECTION ( 'NONE',  ( 1.971276677246370800E-016, 6.661338147750936300E-016, -1.000000000000000000 ) ) ;
#710 = VERTEX_POINT ( 'NONE', #1052 ) ;
#711 = DIRECTION ( 'NONE',  ( -1.000000000000000000, 2.775557561562906100E-017, -1.971276677246373200E-016 ) ) ;
#712 = PLANE ( 'NONE',  #1297 ) ;
#713 = EDGE_LOOP ( 'NONE', ( #295, #570, #1031, #1274 ) ) ;
#714 = CARTESIAN_POINT ( 'NONE',  ( -2.057382042508492400E-016, 0.0000000000000000000, 0.0000000000000000000 ) ) ;
#715 = CARTESIAN_POINT ( 'NONE',  ( -0.5000000000000006700, 0.09999999999999993600, 0.5000000000000004400 ) ) ;
#716 = EDGE_CURVE ( 'NONE', #505, #602, #1117, .T. ) ;
#717 = LINE ( 'NONE', #37, #1152 ) ;
#718 = AXIS2_PLACEMENT_3D ( 'NONE', #655, #134, #1169 ) ;
#719 = PLANE ( 'NONE',  #886 ) ;
#720 = CARTESIAN_POINT ( 'NONE',  ( 0.5000000000000003300, 0.1000000000000000500, 0.1500000000000008300 ) ) ;
#721 = LINE ( 'NONE', #1354, #29 ) ;
#722 = ORIENTED_EDGE ( 'NONE', *, *, #672, .F. ) ;
#723 = ORIENTED_EDGE ( 'NONE', *, *, #94, .F. ) ;
#724 = DIRECTION ( 'NONE',  ( 1.000000000000000000, -2.775557561562906100E-017, 1.971276677246373200E-016 ) ) ;
#725 = DIRECTION ( 'NONE',  ( -2.775557561562906100E-017, -1.000000000000000000, -2.600065509977687900E-047 ) ) ;
#726 = ORIENTED_EDGE ( 'NONE', *, *, #1504, .F. ) ;
#727 = EDGE_CURVE ( 'NONE', #241, #199, #594, .T. ) ;
#728 = ORIENTED_EDGE ( 'NONE', *, *, #160, .T. ) ;
#729 = DIRECTION ( 'NONE',  ( -1.000000000000000000, 2.775557561562906100E-017, -1.971276677246370800E-016 ) ) ;
#730 = ORIENTED_EDGE ( 'NONE', *, *, #1233, .F. ) ;
#731 = DIRECTION ( 'NONE',  ( 1.971276677246371000E-016, 6.661338147750936300E-016, -1.000000000000000000 ) ) ;
#732 = VECTOR ( 'NONE', #724, 1000.000000000000000 ) ;
#733 = EDGE_CURVE ( 'NONE', #1434, #321, #578, .T. ) ;
#734 = FACE_OUTER_BOUND ( 'NONE', #586, .T. ) ;
#735 = CARTESIAN_POINT ( 'NONE',  ( -0.5000000000000006700, 0.1000000000000000500, 0.1499999999999990800 ) ) ;
#736 = DIRECTION ( 'NONE',  ( 2.775557561562893200E-017, 1.000000000000000000, 0.0000000000000000000 ) ) ;
#737 = PRODUCT_DEFINITION_CONTEXT ( 'detailed design', #4, 'design' ) ;
#738 = ADVANCED_FACE ( 'NONE', ( #1544 ), #919, .F. ) ;
#739 = FACE_OUTER_BOUND ( 'NONE', #97, .T. ) ;
#740 = CARTESIAN_POINT ( 'NONE',  ( -0.09999999999999958900, 0.09999999999999993600, 0.5000000000000004400 ) ) ;
#741 = LINE ( 'NONE', #512, #1386 ) ;
#742 = DIRECTION ( 'NONE',  ( 1.971276677246371000E-016, 6.661338147750936300E-016, -1.000000000000000000 ) ) ;
#743 = ORIENTED_EDGE ( 'NONE', *, *, #417, .T. ) ;
#744 = ORIENTED_EDGE ( 'NONE', *, *, #673, .F. ) ;
#745 = DIRECTION ( 'NONE',  ( -1.000000000000000000, 2.775557561562906100E-017, -1.971276677246370800E-016 ) ) ;
#746 = EDGE_CURVE ( 'NONE', #1413, #1352, #1622, .T. ) ;
#747 = ORIENTED_EDGE ( 'NONE', *, *, #660, .T. ) ;
#748 = DIRECTION ( 'NONE',  ( -1.971276677246373500E-016, -6.661338147750936300E-016, 1.000000000000000000 ) ) ;
#749 = VERTEX_POINT ( 'NONE', #569 ) ;
#750 = PRESENTATION_LAYER_ASSIGNMENT (  '', '', ( #431 ) ) ;
#751 = ORIENTED_EDGE ( 'NONE', *, *, #128, .T. ) ;
#752 = CARTESIAN_POINT ( 'NONE',  ( -0.5000000000000006700, 4.336808689942017700E-016, -0.5000000000000004400 ) ) ;
#753 = PLANE ( 'NONE',  #196 ) ;
#754 = DIRECTION ( 'NONE',  ( -2.775557561562893200E-017, -1.000000000000000000, -0.0000000000000000000 ) ) ;
#755 = FACE_OUTER_BOUND ( 'NONE', #161, .T. ) ;
#756 = EDGE_CURVE ( 'NONE', #602, #704, #480, .T. ) ;
#757 = CARTESIAN_POINT ( 'NONE',  ( 0.09999999999999920100, 0.0000000000000000000, 0.1499999999999990800 ) ) ;
#758 = VECTOR ( 'NONE', #1652, 1000.000000000000000 ) ;
#759 = EDGE_CURVE ( 'NONE', #1188, #1668, #1505, .T. ) ;
#760 = CARTESIAN_POINT ( 'NONE',  ( 0.09999999999999918700, -0.5315072906367326300, 0.1499999999999990800 ) ) ;
#761 = DIRECTION ( 'NONE',  ( -2.775557561562893200E-017, -1.000000000000000000, -0.0000000000000000000 ) ) ;
#762 = VECTOR ( 'NONE', #508, 1000.000000000000000 ) ;
#763 = MECHANICAL_DESIGN_GEOMETRIC_PRESENTATION_REPRESENTATION (  '', ( #654 ), #1260 ) ;
#764 = FACE_BOUND ( 'NONE', #542, .T. ) ;
#765 = ORIENTED_EDGE ( 'NONE', *, *, #1436, .F. ) ;
#766 = PLANE ( 'NONE',  #1224 ) ;
#767 = ADVANCED_FACE ( 'NONE', ( #1463 ), #285, .F. ) ;
#768 = VERTEX_POINT ( 'NONE', #27 ) ;
#769 = CARTESIAN_POINT ( 'NONE',  ( 0.09999999999999920100, 0.0000000000000000000, 0.0000000000000000000 ) ) ;
#770 = ORIENTED_EDGE ( 'NONE', *, *, #1187, .T. ) ;
#771 = DIRECTION ( 'NONE',  ( 0.7071067811865473500, -5.551115123125781700E-016, 0.7071067811865477900 ) ) ;
#772 = VERTEX_POINT ( 'NONE', #416 ) ;
#773 = EDGE_CURVE ( 'NONE', #910, #293, #1139, .T. ) ;
#774 = VERTEX_POINT ( 'NONE', #688 ) ;
#775 = AXIS2_PLACEMENT_3D ( 'NONE', #382, #1036, #1166 ) ;
#776 = VERTEX_POINT ( 'NONE', #696 ) ;
#777 = FACE_OUTER_BOUND ( 'NONE', #1516, .T. ) ;
#778 = DIRECTION ( 'NONE',  ( 1.000000000000000000, -2.775557561562906100E-017, 1.971276677246370800E-016 ) ) ;
#779 = LINE ( 'NONE', #42, #1502 ) ;
#780 = CARTESIAN_POINT ( 'NONE',  ( -0.3800084675873451900, 0.3000000000000004300, -0.3803260961774412900 ) ) ;
#781 = LINE ( 'NONE', #833, #350 ) ;
#782 = AXIS2_PLACEMENT_3D ( 'NONE', #280, #16, #785 ) ;
#783 = DIRECTION ( 'NONE',  ( 2.775557561562893200E-017, 1.000000000000000000, 0.0000000000000000000 ) ) ;
#784 = LINE ( 'NONE', #1654, #437 ) ;
#785 = DIRECTION ( 'NONE',  ( -1.000000000000000000, 2.775557561562906100E-017, -1.971276677246373200E-016 ) ) ;
#786 = LINE ( 'NONE', #157, #117 ) ;
#787 = ORIENTED_EDGE ( 'NONE', *, *, #246, .T. ) ;
#788 = ORIENTED_EDGE ( 'NONE', *, *, #266, .F. ) ;
#789 = ORIENTED_EDGE ( 'NONE', *, *, #225, .F. ) ;
#790 = DIRECTION ( 'NONE',  ( 1.971276677246370800E-016, 6.661338147750936300E-016, -1.000000000000000000 ) ) ;
#791 = VERTEX_POINT ( 'NONE', #1584 ) ;
#792 = CARTESIAN_POINT ( 'NONE',  ( -0.3800084675873451900, 0.3000000000000004300, -0.3803260961774412900 ) ) ;
#793 = DIRECTION ( 'NONE',  ( 1.000000000000000000, 0.0000000000000000000, 0.0000000000000000000 ) ) ;
#794 = LINE ( 'NONE', #657, #430 ) ;
#795 = COLOUR_RGB ( '',0.7921568627450980000, 0.8196078431372548800, 0.9333333333333333500 ) ;
#796 = CARTESIAN_POINT ( 'NONE',  ( 0.09999999999999920100, 0.0000000000000000000, 0.1499999999999990800 ) ) ;
#797 = EDGE_CURVE ( 'NONE', #279, #15, #959, .T. ) ;
#798 = FACE_OUTER_BOUND ( 'NONE', #599, .T. ) ;
#799 = VECTOR ( 'NONE', #1457, 1000.000000000000000 ) ;
#800 = ORIENTED_EDGE ( 'NONE', *, *, #1419, .T. ) ;
#801 = VERTEX_POINT ( 'NONE', #681 ) ;
#802 = DIRECTION ( 'NONE',  ( -1.000000000000000000, 2.775557561562906100E-017, -1.971276677246373200E-016 ) ) ;
#803 = VERTEX_POINT ( 'NONE', #1321 ) ;
#804 = SURFACE_STYLE_USAGE ( .BOTH. , #1458 ) ;
#805 = AXIS2_PLACEMENT_3D ( 'NONE', #356, #1341, #1385 ) ;
#806 = CARTESIAN_POINT ( 'NONE',  ( 0.09999999999999920100, -2.168404344971008900E-016, 0.5000000000000004400 ) ) ;
#807 = CARTESIAN_POINT ( 'NONE',  ( -0.5000000000000006700, 0.1000000000000000500, -0.1500000000000008300 ) ) ;
#808 = PRESENTATION_STYLE_ASSIGNMENT (( #572 ) ) ;
#809 = VECTOR ( 'NONE', #1301, 1000.000000000000000 ) ;
#810 = LINE ( 'NONE', #478, #483 ) ;
#811 = DIRECTION ( 'NONE',  ( -1.000000000000000000, 2.775557561562906100E-017, -1.971276677246373200E-016 ) ) ;
#812 = EDGE_CURVE ( 'NONE', #1449, #1310, #916, .T. ) ;
#813 = ORIENTED_EDGE ( 'NONE', *, *, #1326, .T. ) ;
#814 = DIRECTION ( 'NONE',  ( 2.775557561562893200E-017, 1.000000000000000000, 0.0000000000000000000 ) ) ;
#815 = AXIS2_PLACEMENT_3D ( 'NONE', #1367, #837, #1119 ) ;
#816 = VERTEX_POINT ( 'NONE', #1578 ) ;
#817 = DIRECTION ( 'NONE',  ( 1.971276677246373500E-016, 6.661338147750936300E-016, -1.000000000000000000 ) ) ;
#818 = CARTESIAN_POINT ( 'NONE',  ( -0.3800084675873451900, 0.3000000000000004300, -0.3803260961774412900 ) ) ;
#819 = ORIENTED_EDGE ( 'NONE', *, *, #773, .T. ) ;
#820 = EDGE_LOOP ( 'NONE', ( #689, #1377, #122, #666 ) ) ;
#821 = VERTEX_POINT ( 'NONE', #1083 ) ;
#822 = CARTESIAN_POINT ( 'NONE',  ( 0.5000000000000003300, 0.0000000000000000000, 0.1500000000000008300 ) ) ;
#823 = ORIENTED_EDGE ( 'NONE', *, *, #1626, .T. ) ;
#824 = DIRECTION ( 'NONE',  ( 1.000000000000000000, -2.775557561562906100E-017, 1.971276677246373200E-016 ) ) ;
#825 = ADVANCED_FACE ( 'NONE', ( #617 ), #174, .F. ) ;
#826 = EDGE_CURVE ( 'NONE', #667, #19, #834, .T. ) ;
#827 = CARTESIAN_POINT ( 'NONE',  ( 0.09999999999999918700, -0.5315072906367330800, 0.5000000000000004400 ) ) ;
#828 = PLANE ( 'NONE',  #1664 ) ;
#829 = DIRECTION ( 'NONE',  ( 1.000000000000000000, -2.775557561562906100E-017, 1.971276677246373200E-016 ) ) ;
#830 = LINE ( 'NONE', #1538, #1300 ) ;
#831 = CARTESIAN_POINT ( 'NONE',  ( -0.09999999999999958900, 0.1000000000000001600, -0.1500000000000008300 ) ) ;
#832 = CYLINDRICAL_SURFACE ( 'NONE', #949, 0.05693748062634412800 ) ;
#833 = CARTESIAN_POINT ( 'NONE',  ( 0.5000000000000003300, -0.5315072906367330800, 0.5000000000000004400 ) ) ;
#834 = LINE ( 'NONE', #1203, #1528 ) ;
#835 = PLANE ( 'NONE',  #30 ) ;
#836 = VECTOR ( 'NONE', #193, 1000.000000000000000 ) ;
#837 = DIRECTION ( 'NONE',  ( -1.000000000000000000, 2.775557561562906100E-017, -1.971276677246370800E-016 ) ) ;
#838 = ORIENTED_EDGE ( 'NONE', *, *, #1296, .F. ) ;
#839 = DIRECTION ( 'NONE',  ( -1.971276677246370800E-016, -6.661338147750936300E-016, 1.000000000000000000 ) ) ;
#840 = EDGE_CURVE ( 'NONE', #274, #1534, #150, .T. ) ;
#841 = VERTEX_POINT ( 'NONE', #807 ) ;
#842 = DIRECTION ( 'NONE',  ( 1.000000000000000000, -2.775557561562906100E-017, 1.971276677246373200E-016 ) ) ;
#843 = EDGE_LOOP ( 'NONE', ( #221, #1551, #491, #263 ) ) ;
#844 = DIRECTION ( 'NONE',  ( 1.971276677246370800E-016, 6.661338147750936300E-016, -1.000000000000000000 ) ) ;
#845 = VERTEX_POINT ( 'NONE', #43 ) ;
#846 = DIRECTION ( 'NONE',  ( -1.971276677246370800E-016, -6.661338147750936300E-016, 1.000000000000000000 ) ) ;
#847 = EDGE_CURVE ( 'NONE', #12, #1086, #460, .T. ) ;
#848 = CARTESIAN_POINT ( 'NONE',  ( -0.3800084675873451900, 0.3000000000000004300, -0.3803260961774412900 ) ) ;
#849 = FACE_OUTER_BOUND ( 'NONE', #1109, .T. ) ;
#850 = AXIS2_PLACEMENT_3D ( 'NONE', #792, #23, #281 ) ;
#851 = LINE ( 'NONE', #678, #1218 ) ;
#852 = CARTESIAN_POINT ( 'NONE',  ( -0.09999999999999960300, 2.168404344971008900E-016, -0.1500000000000008300 ) ) ;
#853 = LINE ( 'NONE', #410, #809 ) ;
#854 = MANIFOLD_SOLID_BREP ( 'Boss-Extrude2[4]', #156 ) ;
#855 = CARTESIAN_POINT ( 'NONE',  ( -2.029626466892863800E-016, 0.1000000000000002600, 0.0000000000000000000 ) ) ;
#856 = VECTOR ( 'NONE', #1619, 1000.000000000000000 ) ;
#857 = FACE_OUTER_BOUND ( 'NONE', #336, .T. ) ;
#858 = CARTESIAN_POINT ( 'NONE',  ( -0.5000000000000006700, 0.1000000000000000500, -0.1500000000000008300 ) ) ;
#859 = EDGE_LOOP ( 'NONE', ( #381, #1308, #970, #971 ) ) ;
#860 = DIRECTION ( 'NONE',  ( -1.000000000000000000, 2.775557561562906100E-017, -1.971276677246370800E-016 ) ) ;
#861 = ORIENTED_EDGE ( 'NONE', *, *, #469, .F. ) ;
#862 = PRESENTATION_LAYER_ASSIGNMENT (  '', '', ( #346 ) ) ;
#863 = ORIENTED_EDGE ( 'NONE', *, *, #915, .F. ) ;
#864 = CARTESIAN_POINT ( 'NONE',  ( 0.5000000000000003300, 0.1000000000000004800, -0.5000000000000004400 ) ) ;
#865 = ORIENTED_EDGE ( 'NONE', *, *, #1241, .T. ) ;
#866 = ADVANCED_FACE ( 'NONE', ( #1484, #1443 ), #436, .T. ) ;
#867 = DIRECTION ( 'NONE',  ( 1.000000000000000000, -2.775557561562906100E-017, 1.971276677246373200E-016 ) ) ;
#868 = AXIS2_PLACEMENT_3D ( 'NONE', #953, #1474, #1547 ) ;
#869 = FACE_OUTER_BOUND ( 'NONE', #202, .T. ) ;
#870 = PLANE ( 'NONE',  #1113 ) ;
#871 = DIRECTION ( 'NONE',  ( 1.971276677246370800E-016, 6.661338147750936300E-016, -1.000000000000000000 ) ) ;
#872 = VECTOR ( 'NONE', #187, 1000.000000000000000 ) ;
#873 = AXIS2_PLACEMENT_3D ( 'NONE', #516, #1029, #387 ) ;
#874 = FACE_OUTER_BOUND ( 'NONE', #1431, .T. ) ;
#875 = ADVANCED_FACE ( 'NONE', ( #230 ), #828, .F. ) ;
#876 = VECTOR ( 'NONE', #494, 1000.000000000000000 ) ;
#877 = ORIENTED_EDGE ( 'NONE', *, *, #304, .F. ) ;
#878 = CARTESIAN_POINT ( 'NONE',  ( -0.09999999999999960300, 0.1000000000000004800, -0.4000000000000010200 ) ) ;
#879 = VERTEX_POINT ( 'NONE', #1243 ) ;
#880 = DIRECTION ( 'NONE',  ( -1.971276677246371000E-016, -6.661338147750936300E-016, 1.000000000000000000 ) ) ;
#881 = EDGE_CURVE ( 'NONE', #671, #1073, #676, .T. ) ;
#882 = EDGE_LOOP ( 'NONE', ( #1632, #1278 ) ) ;
#883 = CARTESIAN_POINT ( 'NONE',  ( -2.029626466892863800E-016, 0.1000000000000003700, -0.5000000000000004400 ) ) ;
#884 = DIRECTION ( 'NONE',  ( -1.000000000000000000, 2.775557561562906100E-017, -1.971276677246370800E-016 ) ) ;
#885 = EDGE_LOOP ( 'NONE', ( #730, #1075, #1391, #395 ) ) ;
#886 = AXIS2_PLACEMENT_3D ( 'NONE', #714, #329, #1339 ) ;
#887 = ADVANCED_FACE ( 'NONE', ( #535 ), #312, .F. ) ;
#888 = EDGE_LOOP ( 'NONE', ( #176, #651, #819, #490, #1295 ) ) ;
#889 = PLANE ( 'NONE',  #484 ) ;
#890 = CARTESIAN_POINT ( 'NONE',  ( -0.4369459482136893200, 0.3000000000000004300, -0.3803260961774412900 ) ) ;
#891 = DIRECTION ( 'NONE',  ( -1.000000000000000000, 2.775557561562906100E-017, -1.971276677246373200E-016 ) ) ;
#892 =( NAMED_UNIT ( * ) PLANE_ANGLE_UNIT ( ) SI_UNIT ( $, .RADIAN. ) );
#893 = VECTOR ( 'NONE', #1281, 1000.000000000000000 ) ;
#894 = ADVANCED_FACE ( 'NONE', ( #286 ), #1095, .T. ) ;
#895 =( GEOMETRIC_REPRESENTATION_CONTEXT ( 3 ) GLOBAL_UNCERTAINTY_ASSIGNED_CONTEXT ( ( #1489 ) ) GLOBAL_UNIT_ASSIGNED_CONTEXT ( ( #126, #362, #643 ) ) REPRESENTATION_CONTEXT ( 'NONE', 'WORKASPACE' ) );
#896 = DIRECTION ( 'NONE',  ( 1.000000000000000000, -2.775557561562906100E-017, 1.971276677246373200E-016 ) ) ;
#897 = CARTESIAN_POINT ( 'NONE',  ( -0.2000000000000007300, 0.1000000000000003700, -0.5000000000000004400 ) ) ;
#898 = LINE ( 'NONE', #146, #536 ) ;
#899 = VECTOR ( 'NONE', #449, 1000.000000000000000 ) ;
#900 = VECTOR ( 'NONE', #736, 1000.000000000000000 ) ;
#901 = APPLICATION_PROTOCOL_DEFINITION ( 'draft international standard', 'automotive_design', 1998, #1401 ) ;
#902 = EDGE_LOOP ( 'NONE', ( #1144, #1677, #1038, #967 ) ) ;
#903 = CARTESIAN_POINT ( 'NONE',  ( -2.029626466892863800E-016, 0.09999999999999993600, 0.1499999999999990800 ) ) ;
#904 = DIRECTION ( 'NONE',  ( 1.000000000000000000, -2.775557561562906100E-017, 1.971276677246370800E-016 ) ) ;
#905 = PLANE ( 'NONE',  #782 ) ;
#906 = ORIENTED_EDGE ( 'NONE', *, *, #552, .T. ) ;
#907 = EDGE_CURVE ( 'NONE', #1228, #99, #24, .T. ) ;
#908 = ORIENTED_EDGE ( 'NONE', *, *, #1349, .T. ) ;
#909 = AXIS2_PLACEMENT_3D ( 'NONE', #93, #359, #224 ) ;
#910 = VERTEX_POINT ( 'NONE', #1221 ) ;
#911 = DIRECTION ( 'NONE',  ( -1.000000000000000000, 2.775557561562906100E-017, -1.971276677246373200E-016 ) ) ;
#912 = LINE ( 'NONE', #1261, #553 ) ;
#913 = CARTESIAN_POINT ( 'NONE',  ( 0.5500000000000000400, 4.336808689942017700E-016, -0.5500000000000001600 ) ) ;
#914 = LINE ( 'NONE', #451, #1096 ) ;
#915 = EDGE_CURVE ( 'NONE', #1273, #12, #979, .T. ) ;
#916 = LINE ( 'NONE', #936, #191 ) ;
#917 = AXIS2_PLACEMENT_3D ( 'NONE', #1509, #91, #514 ) ;
#918 = CARTESIAN_POINT ( 'NONE',  ( -2.057382042508492400E-016, 0.0000000000000000000, 0.0000000000000000000 ) ) ;
#919 = PLANE ( 'NONE',  #308 ) ;
#920 = ORIENTED_EDGE ( 'NONE', *, *, #1024, .T. ) ;
#921 = VERTEX_POINT ( 'NONE', #1362 ) ;
#922 = ORIENTED_EDGE ( 'NONE', *, *, #105, .F. ) ;
#923 = CARTESIAN_POINT ( 'NONE',  ( -2.057382042508492400E-016, 0.0000000000000000000, -0.1500000000000008300 ) ) ;
#924 = DIRECTION ( 'NONE',  ( 1.971276677246370800E-016, 6.661338147750936300E-016, -1.000000000000000000 ) ) ;
#925 = EDGE_LOOP ( 'NONE', ( #1510, #1615, #1535, #35, #1084 ) ) ;
#926 = ORIENTED_EDGE ( 'NONE', *, *, #1279, .T. ) ;
#927 = EDGE_CURVE ( 'NONE', #505, #910, #1524, .T. ) ;
#928 = PLANE ( 'NONE',  #185 ) ;
#929 = STYLED_ITEM ( 'NONE', ( #64 ), #1631 ) ;
#930 = DIRECTION ( 'NONE',  ( -2.775557561562893200E-017, -1.000000000000000000, -0.0000000000000000000 ) ) ;
#931 = DIRECTION ( 'NONE',  ( 1.000000000000000000, -2.775557561562906100E-017, 1.971276677246373200E-016 ) ) ;
#932 = LINE ( 'NONE', #852, #1423 ) ;
#933 = CARTESIAN_POINT ( 'NONE',  ( 0.09999999999999918700, 0.1000000000000003700, -0.5000000000000004400 ) ) ;
#934 = CARTESIAN_POINT ( 'NONE',  ( 0.5000000000000003300, 0.0000000000000000000, -0.1500000000000008300 ) ) ;
#935 = VECTOR ( 'NONE', #771, 1000.000000000000000 ) ;
#936 = CARTESIAN_POINT ( 'NONE',  ( -0.5500000000000003800, 0.4000000000000005800, -0.5500000000000001600 ) ) ;
#937 = EDGE_CURVE ( 'NONE', #316, #19, #1361, .T. ) ;
#938 = LINE ( 'NONE', #1019, #307 ) ;
#939 = ADVANCED_FACE ( 'NONE', ( #190 ), #832, .T. ) ;
#940 = DIRECTION ( 'NONE',  ( -1.000000000000000000, 2.775557561562906100E-017, -1.971276677246373200E-016 ) ) ;
#941 = ORIENTED_EDGE ( 'NONE', *, *, #1337, .F. ) ;
#942 = ORIENTED_EDGE ( 'NONE', *, *, #628, .T. ) ;
#943 = ORIENTED_EDGE ( 'NONE', *, *, #255, .F. ) ;
#944 = CARTESIAN_POINT ( 'NONE',  ( 0.5000000000000003300, 4.336808689942017700E-016, -0.5000000000000004400 ) ) ;
#945 = ORIENTED_EDGE ( 'NONE', *, *, #1222, .F. ) ;
#946 = ADVANCED_FACE ( 'NONE', ( #1320 ), #712, .F. ) ;
#947 = DIRECTION ( 'NONE',  ( -1.000000000000000000, 2.775557561562906100E-017, -1.971276677246370800E-016 ) ) ;
#948 = ORIENTED_EDGE ( 'NONE', *, *, #1586, .F. ) ;
#949 = AXIS2_PLACEMENT_3D ( 'NONE', #1358, #464, #1237 ) ;
#950 = DIRECTION ( 'NONE',  ( -2.775557561562893200E-017, -1.000000000000000000, -0.0000000000000000000 ) ) ;
#951 = FILL_AREA_STYLE ('',( #302 ) ) ;
#952 = VECTOR ( 'NONE', #1625, 1000.000000000000000 ) ;
#953 = CARTESIAN_POINT ( 'NONE',  ( 0.09999999999999917300, -0.5315072906367326300, -0.1500000000000008300 ) ) ;
#954 = CARTESIAN_POINT ( 'NONE',  ( 0.5000000000000003300, 0.1000000000000002600, -0.1500000000000008300 ) ) ;
#955 = LINE ( 'NONE', #137, #267 ) ;
#956 = CARTESIAN_POINT ( 'NONE',  ( 0.09999999999999920100, 0.1000000000000001600, -0.1500000000000008300 ) ) ;
#957 = CIRCLE ( 'NONE', #1271, 0.05693748062634412800 ) ;
#958 = CARTESIAN_POINT ( 'NONE',  ( 0.09999999999999920100, 0.1000000000000001600, -0.1500000000000008300 ) ) ;
#959 = CIRCLE ( 'NONE', #398, 0.05693748062634412800 ) ;
#960 = CARTESIAN_POINT ( 'NONE',  ( -0.2000000000000007300, 0.1000000000000003700, -0.5000000000000004400 ) ) ;
#961 = DIRECTION ( 'NONE',  ( 2.775557561562893200E-017, 1.000000000000000000, 0.0000000000000000000 ) ) ;
#962 = PRESENTATION_STYLE_ASSIGNMENT (( #1527 ) ) ;
#963 = MANIFOLD_SOLID_BREP ( 'Boss-Extrude2[1]', #74 ) ;
#964 = EDGE_CURVE ( 'NONE', #1310, #791, #432, .T. ) ;
#965 = VECTOR ( 'NONE', #290, 1000.000000000000000 ) ;
#966 = CARTESIAN_POINT ( 'NONE',  ( -0.09999999999999960300, 0.1000000000000004800, -0.4000000000000010200 ) ) ;
#967 = ORIENTED_EDGE ( 'NONE', *, *, #1062, .T. ) ;
#968 = CARTESIAN_POINT ( 'NONE',  ( -0.09999999999999958900, 0.09999999999999993600, 0.1499999999999990800 ) ) ;
#969 = DIRECTION ( 'NONE',  ( -2.775557561562893200E-017, -1.000000000000000000, -0.0000000000000000000 ) ) ;
#970 = ORIENTED_EDGE ( 'NONE', *, *, #1197, .T. ) ;
#971 = ORIENTED_EDGE ( 'NONE', *, *, #128, .F. ) ;
#972 = DIRECTION ( 'NONE',  ( -1.000000000000000000, 2.775557561562906100E-017, -1.971276677246373200E-016 ) ) ;
#973 = ORIENTED_EDGE ( 'NONE', *, *, #746, .F. ) ;
#974 = CARTESIAN_POINT ( 'NONE',  ( -0.09999999999999958900, 0.1000000000000001600, -0.1500000000000008300 ) ) ;
#975 = EDGE_CURVE ( 'NONE', #78, #768, #781, .T. ) ;
#976 = DIRECTION ( 'NONE',  ( -2.775557561562893200E-017, -1.000000000000000000, -0.0000000000000000000 ) ) ;
#977 = PLANE ( 'NONE',  #1430 ) ;
#978 = LINE ( 'NONE', #740, #386 ) ;
#979 = LINE ( 'NONE', #320, #872 ) ;
#980 = FILL_AREA_STYLE_COLOUR ( '', #1176 ) ;
#981 = LINE ( 'NONE', #1048, #1563 ) ;
#982 = CARTESIAN_POINT ( 'NONE',  ( -0.09999999999999958900, 0.09999999999999993600, 0.1499999999999990800 ) ) ;
#983 = VECTOR ( 'NONE', #1345, 1000.000000000000000 ) ;
#984 = CARTESIAN_POINT ( 'NONE',  ( -0.09999999999999958900, 0.0000000000000000000, 0.1499999999999990800 ) ) ;
#985 = ADVANCED_FACE ( 'NONE', ( #1600 ), #1608, .F. ) ;
#986 = LINE ( 'NONE', #1125, #1507 ) ;
#987 = PRESENTATION_LAYER_ASSIGNMENT (  '', '', ( #1280 ) ) ;
#988 = ORIENTED_EDGE ( 'NONE', *, *, #1523, .F. ) ;
#989 = CARTESIAN_POINT ( 'NONE',  ( -2.057382042508492400E-016, 0.0000000000000000000, 0.1499999999999990800 ) ) ;
#990 = VERTEX_POINT ( 'NONE', #201 ) ;
#991 = DIRECTION ( 'NONE',  ( -1.971276677246370800E-016, -6.661338147750936300E-016, 1.000000000000000000 ) ) ;
#992 = ORIENTED_EDGE ( 'NONE', *, *, #183, .T. ) ;
#993 = DIRECTION ( 'NONE',  ( -1.971276677246370800E-016, -6.661338147750936300E-016, 1.000000000000000000 ) ) ;
#994 = ORIENTED_EDGE ( 'NONE', *, *, #1074, .T. ) ;
#995 = ORIENTED_EDGE ( 'NONE', *, *, #1130, .F. ) ;
#996 = ADVANCED_FACE ( 'NONE', ( #1661 ), #1644, .F. ) ;
#997 = DIRECTION ( 'NONE',  ( -2.775557561562893200E-017, -1.000000000000000000, -0.0000000000000000000 ) ) ;
#998 = ORIENTED_EDGE ( 'NONE', *, *, #733, .T. ) ;
#999 = DIRECTION ( 'NONE',  ( 1.971276677246373500E-016, 6.661338147750936300E-016, -1.000000000000000000 ) ) ;
#1000 = CARTESIAN_POINT ( 'NONE',  ( 0.5000000000000003300, 0.1000000000000002600, -0.1500000000000008300 ) ) ;
#1001 = CARTESIAN_POINT ( 'NONE',  ( -0.2000000000000007300, 0.1000000000000004800, -0.5000000000000004400 ) ) ;
#1002 = AXIS2_PLACEMENT_3D ( 'NONE', #528, #532, #802 ) ;
#1003 = VECTOR ( 'NONE', #1572, 1000.000000000000000 ) ;
#1004 = VECTOR ( 'NONE', #327, 1000.000000000000000 ) ;
#1005 = ADVANCED_FACE ( 'NONE', ( #1136 ), #458, .F. ) ;
#1006 = CARTESIAN_POINT ( 'NONE',  ( -0.09999999999999958900, 0.09999999999999993600, 0.1499999999999990800 ) ) ;
#1007 = FILL_AREA_STYLE_COLOUR ( '', #1178 ) ;
#1008 = VECTOR ( 'NONE', #754, 1000.000000000000000 ) ;
#1009 = ORIENTED_EDGE ( 'NONE', *, *, #1173, .F. ) ;
#1010 = EDGE_CURVE ( 'NONE', #1293, #199, #391, .T. ) ;
#1011 = VERTEX_POINT ( 'NONE', #1006 ) ;
#1012 = EDGE_LOOP ( 'NONE', ( #426, #943, #503, #580 ) ) ;
#1013 =( NAMED_UNIT ( * ) PLANE_ANGLE_UNIT ( ) SI_UNIT ( $, .RADIAN. ) );
#1014 = ORIENTED_EDGE ( 'NONE', *, *, #759, .T. ) ;
#1015 = ADVANCED_FACE ( 'NONE', ( #1079 ), #103, .F. ) ;
#1016 = CARTESIAN_POINT ( 'NONE',  ( -0.09999999999999958900, 0.1000000000000001600, -0.1500000000000008300 ) ) ;
#1017 = ORIENTED_EDGE ( 'NONE', *, *, #457, .F. ) ;
#1018 = CARTESIAN_POINT ( 'NONE',  ( -0.09999999999999960300, 0.1000000000000004800, -0.4000000000000010200 ) ) ;
#1019 = CARTESIAN_POINT ( 'NONE',  ( 0.09999999999999920100, 0.1000000000000001600, -0.1500000000000008300 ) ) ;
#1020 = UNCERTAINTY_MEASURE_WITH_UNIT (LENGTH_MEASURE( 1.000000000000000100E-005 ), #1614, 'distance_accuracy_value', 'NONE');
#1021 = EDGE_CURVE ( 'NONE', #95, #1124, #1405, .T. ) ;
#1022 = SURFACE_SIDE_STYLE ('',( #407 ) ) ;
#1023 = LINE ( 'NONE', #752, #1540 ) ;
#1024 = EDGE_CURVE ( 'NONE', #1293, #772, #369, .T. ) ;
#1025 = CARTESIAN_POINT ( 'NONE',  ( -0.09999999999999960300, -0.5315072906367326300, 0.1499999999999990800 ) ) ;
#1026 = SURFACE_STYLE_FILL_AREA ( #339 ) ;
#1027 = CARTESIAN_POINT ( 'NONE',  ( 0.5500000000000000400, -3.252606517456513300E-016, 0.5500000000000001600 ) ) ;
#1028 = FACE_OUTER_BOUND ( 'NONE', #76, .T. ) ;
#1029 = DIRECTION ( 'NONE',  ( -2.775557561562893200E-017, -1.000000000000000000, 0.0000000000000000000 ) ) ;
#1030 = DIRECTION ( 'NONE',  ( -2.775557561562893200E-017, -1.000000000000000000, -0.0000000000000000000 ) ) ;
#1031 = ORIENTED_EDGE ( 'NONE', *, *, #94, .T. ) ;
#1032 = ADVANCED_FACE ( 'NONE', ( #1046 ), #1264, .T. ) ;
#1033 = EDGE_LOOP ( 'NONE', ( #1209, #296, #492, #765 ) ) ;
#1034 =( NAMED_UNIT ( * ) SI_UNIT ( $, .STERADIAN. ) SOLID_ANGLE_UNIT ( ) );
#1035 = EDGE_CURVE ( 'NONE', #1592, #1668, #1097, .T. ) ;
#1036 = DIRECTION ( 'NONE',  ( 2.775557561562906100E-017, 1.000000000000000000, 2.600065509977687900E-047 ) ) ;
#1037 = CARTESIAN_POINT ( 'NONE',  ( -0.4369459482136893200, 0.3000000000000004300, -0.3803260961774412900 ) ) ;
#1038 = ORIENTED_EDGE ( 'NONE', *, *, #907, .F. ) ;
#1039 = PRESENTATION_LAYER_ASSIGNMENT (  '', '', ( #654 ) ) ;
#1040 = ORIENTED_EDGE ( 'NONE', *, *, #541, .F. ) ;
#1041 = ORIENTED_EDGE ( 'NONE', *, *, #881, .T. ) ;
#1042 = PLANE ( 'NONE',  #1421 ) ;
#1043 = DIRECTION ( 'NONE',  ( 0.7071067811865473500, -5.551115123125781700E-016, 0.7071067811865477900 ) ) ;
#1044 = LINE ( 'NONE', #883, #1381 ) ;
#1045 = DIRECTION ( 'NONE',  ( 2.775557561562906100E-017, 1.000000000000000000, 2.600065509977687900E-047 ) ) ;
#1046 = FACE_OUTER_BOUND ( 'NONE', #564, .T. ) ;
#1047 = VECTOR ( 'NONE', #1103, 1000.000000000000000 ) ;
#1048 = CARTESIAN_POINT ( 'NONE',  ( -0.2000000000000007300, 0.1000000000000003700, -0.5000000000000004400 ) ) ;
#1049 = LINE ( 'NONE', #1520, #1246 ) ;
#1050 = CARTESIAN_POINT ( 'NONE',  ( -0.2000000000000007300, 0.1000000000000003700, -0.5000000000000004400 ) ) ;
#1051 = ORIENTED_EDGE ( 'NONE', *, *, #1672, .F. ) ;
#1052 = CARTESIAN_POINT ( 'NONE',  ( 0.5000000000000003300, 0.09999999999999993600, 0.5000000000000004400 ) ) ;
#1053 = ORIENTED_EDGE ( 'NONE', *, *, #47, .F. ) ;
#1054 = EDGE_LOOP ( 'NONE', ( #668, #941, #243, #691 ) ) ;
#1055 = DIRECTION ( 'NONE',  ( -2.775557561562893200E-017, -1.000000000000000000, 0.0000000000000000000 ) ) ;
#1056 = VERTEX_POINT ( 'NONE', #1116 ) ;
#1057 = CARTESIAN_POINT ( 'NONE',  ( -0.5000000000000006700, 0.1000000000000002600, 0.0000000000000000000 ) ) ;
#1058 = CARTESIAN_POINT ( 'NONE',  ( -0.5000000000000006700, 0.09999999999999993600, 0.5000000000000004400 ) ) ;
#1059 = VECTOR ( 'NONE', #440, 1000.000000000000000 ) ;
#1060 = CARTESIAN_POINT ( 'NONE',  ( 0.09999999999999917300, -0.5315072906367321900, -0.5000000000000004400 ) ) ;
#1061 = CARTESIAN_POINT ( 'NONE',  ( -2.029626466892863800E-016, 0.09999999999999993600, 0.5000000000000004400 ) ) ;
#1062 = EDGE_CURVE ( 'NONE', #1228, #1590, #306, .T. ) ;
#1063 = ADVANCED_FACE ( 'NONE', ( #269 ), #753, .F. ) ;
#1064 = AXIS2_PLACEMENT_3D ( 'NONE', #547, #2, #1561 ) ;
#1065 = DIRECTION ( 'NONE',  ( -2.775557561562893200E-017, -1.000000000000000000, -0.0000000000000000000 ) ) ;
#1066 = FACE_BOUND ( 'NONE', #1033, .T. ) ;
#1067 = DIRECTION ( 'NONE',  ( 2.775557561562906100E-017, 1.000000000000000000, 2.600065509977687900E-047 ) ) ;
#1068 = ORIENTED_EDGE ( 'NONE', *, *, #1330, .T. ) ;
#1069 = EDGE_LOOP ( 'NONE', ( #1312, #1147, #1206, #310 ) ) ;
#1070 = ORIENTED_EDGE ( 'NONE', *, *, #61, .T. ) ;
#1071 = DIRECTION ( 'NONE',  ( 1.000000000000000000, -2.775557561562906100E-017, 1.971276677246373200E-016 ) ) ;
#1072 = ORIENTED_EDGE ( 'NONE', *, *, #840, .F. ) ;
#1073 = VERTEX_POINT ( 'NONE', #615 ) ;
#1074 = EDGE_CURVE ( 'NONE', #1611, #1188, #110, .T. ) ;
#1075 = ORIENTED_EDGE ( 'NONE', *, *, #140, .F. ) ;
#1076 = CARTESIAN_POINT ( 'NONE',  ( -0.5500000000000003800, 0.4000000000000005800, -0.5500000000000001600 ) ) ;
#1077 = LINE ( 'NONE', #984, #1541 ) ;
#1078 = LINE ( 'NONE', #674, #1155 ) ;
#1079 = FACE_OUTER_BOUND ( 'NONE', #1571, .T. ) ;
#1080 = EDGE_CURVE ( 'NONE', #625, #921, #957, .T. ) ;
#1081 = VECTOR ( 'NONE', #950, 1000.000000000000000 ) ;
#1082 = CARTESIAN_POINT ( 'NONE',  ( -0.5000000000000006700, 1.084202172485504400E-016, 0.1499999999999990800 ) ) ;
#1083 = CARTESIAN_POINT ( 'NONE',  ( -0.09999999999999958900, 0.09999999999999993600, 0.1499999999999990800 ) ) ;
#1084 = ORIENTED_EDGE ( 'NONE', *, *, #826, .F. ) ;
#1085 = ORIENTED_EDGE ( 'NONE', *, *, #1087, .F. ) ;
#1086 = VERTEX_POINT ( 'NONE', #361 ) ;
#1087 = EDGE_CURVE ( 'NONE', #921, #625, #1266, .T. ) ;
#1088 = DIRECTION ( 'NONE',  ( -1.000000000000000000, 2.775557561562906100E-017, -1.971276677246373200E-016 ) ) ;
#1089 = DIRECTION ( 'NONE',  ( -2.775557561562906100E-017, -1.000000000000000000, -2.600065509977687900E-047 ) ) ;
#1090 = ORIENTED_EDGE ( 'NONE', *, *, #322, .T. ) ;
#1091 = ADVANCED_FACE ( 'NONE', ( #408 ), #107, .F. ) ;
#1092 = CARTESIAN_POINT ( 'NONE',  ( -0.09999999999999958900, 0.1000000000000001600, -0.1500000000000008300 ) ) ;
#1093 = PLANE ( 'NONE',  #1482 ) ;
#1094 = DIRECTION ( 'NONE',  ( 1.971276677246373500E-016, 6.661338147750936300E-016, -1.000000000000000000 ) ) ;
#1095 = PLANE ( 'NONE',  #543 ) ;
#1096 = VECTOR ( 'NONE', #577, 1000.000000000000000 ) ;
#1097 = LINE ( 'NONE', #1000, #87 ) ;
#1098 = DIRECTION ( 'NONE',  ( -2.775557561562893200E-017, -1.000000000000000000, -0.0000000000000000000 ) ) ;
#1099 = PRESENTATION_STYLE_ASSIGNMENT (( #804 ) ) ;
#1100 = VECTOR ( 'NONE', #1030, 1000.000000000000000 ) ;
#1101 = MECHANICAL_DESIGN_GEOMETRIC_PRESENTATION_REPRESENTATION (  '', ( #5 ), #895 ) ;
#1102 = ORIENTED_EDGE ( 'NONE', *, *, #1326, .F. ) ;
#1103 = DIRECTION ( 'NONE',  ( 2.775557561562893200E-017, 1.000000000000000000, 0.0000000000000000000 ) ) ;
#1104 = ORIENTED_EDGE ( 'NONE', *, *, #1460, .T. ) ;
#1105 = CARTESIAN_POINT ( 'NONE',  ( -0.5000000000000006700, 0.1000000000000000500, -0.1500000000000008300 ) ) ;
#1106 = DIRECTION ( 'NONE',  ( 2.775557561562906100E-017, 1.000000000000000000, 2.600065509977687900E-047 ) ) ;
#1107 = ORIENTED_EDGE ( 'NONE', *, *, #1575, .F. ) ;
#1108 = ADVANCED_FACE ( 'NONE', ( #1 ), #870, .F. ) ;
#1109 = EDGE_LOOP ( 'NONE', ( #1051, #945, #1191, #419 ) ) ;
#1110 = DIRECTION ( 'NONE',  ( 1.000000000000000000, -2.775557561562894400E-017, -3.081487911019596500E-033 ) ) ;
#1111 = EDGE_CURVE ( 'NONE', #316, #17, #1639, .T. ) ;
#1112 = CARTESIAN_POINT ( 'NONE',  ( -0.5500000000000003800, 0.4000000000000003000, 0.0000000000000000000 ) ) ;
#1113 = AXIS2_PLACEMENT_3D ( 'NONE', #735, #860, #653 ) ;
#1114 = CARTESIAN_POINT ( 'NONE',  ( 0.5000000000000003300, -0.5315072906367326300, -0.5000000000000004400 ) ) ;
#1115 = LINE ( 'NONE', #1050, #1338 ) ;
#1116 = CARTESIAN_POINT ( 'NONE',  ( -0.09999999999999960300, 3.252606517456513300E-016, -0.4000000000000010200 ) ) ;
#1117 = LINE ( 'NONE', #21, #1285 ) ;
#1118 = VECTOR ( 'NONE', #207, 1000.000000000000000 ) ;
#1119 = DIRECTION ( 'NONE',  ( -1.971276677246371000E-016, -6.661338147750936300E-016, 1.000000000000000000 ) ) ;
#1120 = DIRECTION ( 'NONE',  ( 1.000000000000000000, 0.0000000000000000000, 0.0000000000000000000 ) ) ;
#1121 = ORIENTED_EDGE ( 'NONE', *, *, #1513, .T. ) ;
#1122 = CLOSED_SHELL ( 'NONE', ( #600, #560, #1525, #738, #228, #412 ) ) ;
#1123 = CARTESIAN_POINT ( 'NONE',  ( -0.5500000000000003800, 5.421010862427522200E-016, -0.5500000000000001600 ) ) ;
#1124 = VERTEX_POINT ( 'NONE', #1159 ) ;
#1125 = CARTESIAN_POINT ( 'NONE',  ( -0.09999999999999960300, -0.5315072906367330800, 0.5000000000000004400 ) ) ;
#1126 = EDGE_LOOP ( 'NONE', ( #1107, #217, #1182, #561 ) ) ;
#1127 = ORIENTED_EDGE ( 'NONE', *, *, #294, .T. ) ;
#1128 = DIRECTION ( 'NONE',  ( -2.775557561562893200E-017, -1.000000000000000000, 0.0000000000000000000 ) ) ;
#1129 = ADVANCED_FACE ( 'NONE', ( #1579 ), #258, .F. ) ;
#1130 = EDGE_CURVE ( 'NONE', #344, #241, #1562, .T. ) ;
#1131 = DIRECTION ( 'NONE',  ( -2.775557561562893200E-017, -1.000000000000000000, -0.0000000000000000000 ) ) ;
#1132 = FILL_AREA_STYLE ('',( #1007 ) ) ;
#1133 = MECHANICAL_DESIGN_GEOMETRIC_PRESENTATION_REPRESENTATION (  '', ( #929 ), #1518 ) ;
#1134 = LINE ( 'NONE', #913, #1462 ) ;
#1135 = DIRECTION ( 'NONE',  ( 1.000000000000000000, -2.775557561562906100E-017, 1.971276677246373200E-016 ) ) ;
#1136 = FACE_OUTER_BOUND ( 'NONE', #222, .T. ) ;
#1137 = DIRECTION ( 'NONE',  ( -0.7071067811865472400, 5.551115123125781700E-016, -0.7071067811865476800 ) ) ;
#1138 = DIRECTION ( 'NONE',  ( 1.971276677246370800E-016, 6.661338147750936300E-016, -1.000000000000000000 ) ) ;
#1139 = LINE ( 'NONE', #1328, #271 ) ;
#1140 = ADVANCED_FACE ( 'NONE', ( #479 ), #511, .F. ) ;
#1141 = FACE_OUTER_BOUND ( 'NONE', #626, .T. ) ;
#1142 = EDGE_LOOP ( 'NONE', ( #1053, #1512, #1121, #664 ) ) ;
#1143 = EDGE_CURVE ( 'NONE', #1433, #141, #1044, .T. ) ;
#1144 = ORIENTED_EDGE ( 'NONE', *, *, #385, .T. ) ;
#1145 = PLANE ( 'NONE',  #41 ) ;
#1146 = MECHANICAL_DESIGN_GEOMETRIC_PRESENTATION_REPRESENTATION (  '', ( #431 ), #605 ) ;
#1147 = ORIENTED_EDGE ( 'NONE', *, *, #69, .F. ) ;
#1148 = ORIENTED_EDGE ( 'NONE', *, *, #1513, .F. ) ;
#1149 = ORIENTED_EDGE ( 'NONE', *, *, #797, .F. ) ;
#1150 = DIRECTION ( 'NONE',  ( 1.971276677246370800E-016, 6.661338147750936300E-016, -1.000000000000000000 ) ) ;
#1151 = EDGE_CURVE ( 'NONE', #136, #123, #106, .T. ) ;
#1152 = VECTOR ( 'NONE', #709, 1000.000000000000000 ) ;
#1153 = CARTESIAN_POINT ( 'NONE',  ( 0.09999999999999918700, 0.0000000000000000000, -0.1500000000000008300 ) ) ;
#1154 = PLANE ( 'NONE',  #1450 ) ;
#1155 = VECTOR ( 'NONE', #1065, 1000.000000000000000 ) ;
#1156 = VECTOR ( 'NONE', #34, 1000.000000000000000 ) ;
#1157 = DIRECTION ( 'NONE',  ( 1.000000000000000000, 0.0000000000000000000, 0.0000000000000000000 ) ) ;
#1158 = VECTOR ( 'NONE', #1595, 1000.000000000000000 ) ;
#1159 = CARTESIAN_POINT ( 'NONE',  ( -0.09999999999999958900, 0.0000000000000000000, 0.1499999999999990800 ) ) ;
#1160 = DIRECTION ( 'NONE',  ( 1.971276677246371000E-016, 6.661338147750936300E-016, -1.000000000000000000 ) ) ;
#1161 = CIRCLE ( 'NONE', #805, 0.05693748062634412800 ) ;
#1162 = DIRECTION ( 'NONE',  ( 2.775557561562893200E-017, 1.000000000000000000, 0.0000000000000000000 ) ) ;
#1163 = LINE ( 'NONE', #923, #682 ) ;
#1164 = AXIS2_PLACEMENT_3D ( 'NONE', #574, #748, #616 ) ;
#1165 = VERTEX_POINT ( 'NONE', #1553 ) ;
#1166 = DIRECTION ( 'NONE',  ( 1.000000000000000000, -2.775557561562906100E-017, 1.971276677246373200E-016 ) ) ;
#1167 = ORIENTED_EDGE ( 'NONE', *, *, #149, .F. ) ;
#1168 = ORIENTED_EDGE ( 'NONE', *, *, #1111, .F. ) ;
#1169 = DIRECTION ( 'NONE',  ( -1.000000000000000000, 2.775557561562906100E-017, -1.971276677246373200E-016 ) ) ;
#1170 = ORIENTED_EDGE ( 'NONE', *, *, #304, .T. ) ;
#1171 = ORIENTED_EDGE ( 'NONE', *, *, #1257, .T. ) ;
#1172 = CARTESIAN_POINT ( 'NONE',  ( 0.09999999999999918700, 4.336808689942017700E-016, -0.5000000000000004400 ) ) ;
#1173 = EDGE_CURVE ( 'NONE', #1534, #274, #555, .T. ) ;
#1174 = VECTOR ( 'NONE', #824, 1000.000000000000000 ) ;
#1175 = PLANE ( 'NONE',  #1567 ) ;
#1176 = COLOUR_RGB ( '',0.7921568627450980000, 0.8196078431372548800, 0.9333333333333333500 ) ;
#1177 = LINE ( 'NONE', #372, #762 ) ;
#1178 = COLOUR_RGB ( '',1.000000000000000000, 1.000000000000000000, 1.000000000000000000 ) ;
#1179 = VERTEX_POINT ( 'NONE', #244 ) ;
#1180 = DIRECTION ( 'NONE',  ( 1.000000000000000000, -2.775557561562906100E-017, 1.971276677246373200E-016 ) ) ;
#1181 = ADVANCED_FACE ( 'NONE', ( #755 ), #252, .F. ) ;
#1182 = ORIENTED_EDGE ( 'NONE', *, *, #826, .T. ) ;
#1183 = EDGE_CURVE ( 'NONE', #1434, #921, #1424, .T. ) ;
#1184 = DIRECTION ( 'NONE',  ( 1.000000000000000000, -2.775557561562906100E-017, 1.971276677246373200E-016 ) ) ;
#1185 = CARTESIAN_POINT ( 'NONE',  ( -2.029626466892863800E-016, 0.09999999999999993600, 0.1499999999999990800 ) ) ;
#1186 = EDGE_LOOP ( 'NONE', ( #722, #36, #669, #447 ) ) ;
#1187 = EDGE_CURVE ( 'NONE', #687, #774, #830, .T. ) ;
#1188 = VERTEX_POINT ( 'NONE', #1662 ) ;
#1189 = ADVANCED_FACE ( 'NONE', ( #1198 ), #1145, .F. ) ;
#1190 = DIRECTION ( 'NONE',  ( 0.7071067811865472400, -5.551115123125781700E-016, 0.7071067811865476800 ) ) ;
#1191 = ORIENTED_EDGE ( 'NONE', *, *, #1143, .T. ) ;
#1192 = DIRECTION ( 'NONE',  ( 1.000000000000000000, -2.775557561562906100E-017, 1.971276677246373200E-016 ) ) ;
#1193 = LINE ( 'NONE', #1123, #1402 ) ;
#1194 = DIRECTION ( 'NONE',  ( 1.000000000000000000, -2.775557561562906100E-017, 1.971276677246373200E-016 ) ) ;
#1195 = LINE ( 'NONE', #205, #282 ) ;
#1196 = CARTESIAN_POINT ( 'NONE',  ( -0.5000000000000006700, 4.336808689942017700E-016, -0.5000000000000004400 ) ) ;
#1197 = EDGE_CURVE ( 'NONE', #1519, #1011, #44, .T. ) ;
#1198 = FACE_OUTER_BOUND ( 'NONE', #523, .T. ) ;
#1199 = VECTOR ( 'NONE', #790, 1000.000000000000000 ) ;
#1200 = AXIS2_PLACEMENT_3D ( 'NONE', #760, #120, #394 ) ;
#1201 = LINE ( 'NONE', #989, #596 ) ;
#1202 = CARTESIAN_POINT ( 'NONE',  ( 0.5000000000000003300, 0.09999999999999993600, 0.5000000000000004400 ) ) ;
#1203 = CARTESIAN_POINT ( 'NONE',  ( -2.029626466892863800E-016, 0.1000000000000001600, -0.1500000000000008300 ) ) ;
#1204 = LINE ( 'NONE', #116, #90 ) ;
#1205 = ORIENTED_EDGE ( 'NONE', *, *, #756, .F. ) ;
#1206 = ORIENTED_EDGE ( 'NONE', *, *, #551, .F. ) ;
#1207 = DIRECTION ( 'NONE',  ( -1.000000000000000000, 0.0000000000000000000, 0.0000000000000000000 ) ) ;
#1208 = ORIENTED_EDGE ( 'NONE', *, *, #69, .T. ) ;
#1209 = ORIENTED_EDGE ( 'NONE', *, *, #482, .F. ) ;
#1210 = AXIS2_PLACEMENT_3D ( 'NONE', #1342, #1215, #168 ) ;
#1211 = CARTESIAN_POINT ( 'NONE',  ( -0.2000000000000007300, 4.336808689942017700E-016, -0.5000000000000004400 ) ) ;
#1212 = EDGE_LOOP ( 'NONE', ( #318, #1498, #906, #71 ) ) ;
#1213 = DIRECTION ( 'NONE',  ( -2.775557561562893200E-017, -1.000000000000000000, -0.0000000000000000000 ) ) ;
#1214 = CARTESIAN_POINT ( 'NONE',  ( -0.09999999999999960300, 0.1000000000000004800, -0.4000000000000010200 ) ) ;
#1215 = DIRECTION ( 'NONE',  ( -2.775557561562893200E-017, -1.000000000000000000, 0.0000000000000000000 ) ) ;
#1216 = CARTESIAN_POINT ( 'NONE',  ( -0.3800084675873451900, 0.4000000000000005200, -0.3803260961774412900 ) ) ;
#1217 = SURFACE_SIDE_STYLE ('',( #249 ) ) ;
#1218 = VECTOR ( 'NONE', #1315, 1000.000000000000000 ) ;
#1219 = ADVANCED_FACE ( 'NONE', ( #734 ), #1403, .F. ) ;
#1220 = VECTOR ( 'NONE', #844, 1000.000000000000000 ) ;
#1221 = CARTESIAN_POINT ( 'NONE',  ( -0.5000000000000006700, 0.1000000000000004800, -0.5000000000000004400 ) ) ;
#1222 = EDGE_CURVE ( 'NONE', #1433, #17, #955, .T. ) ;
#1223 = LINE ( 'NONE', #878, #935 ) ;
#1224 = AXIS2_PLACEMENT_3D ( 'NONE', #235, #1389, #1135 ) ;
#1225 = FACE_OUTER_BOUND ( 'NONE', #1313, .T. ) ;
#1226 = CARTESIAN_POINT ( 'NONE',  ( 0.09999999999999920100, 0.1000000000000001600, -0.1500000000000008300 ) ) ;
#1227 = PLANE ( 'NONE',  #1164 ) ;
#1228 = VERTEX_POINT ( 'NONE', #1294 ) ;
#1229 = CARTESIAN_POINT ( 'NONE',  ( 0.5500000000000000400, 0.4000000000000004100, -0.5500000000000001600 ) ) ;
#1230 = ORIENTED_EDGE ( 'NONE', *, *, #1460, .F. ) ;
#1231 = CARTESIAN_POINT ( 'NONE',  ( -0.09999999999999958900, 0.1000000000000002600, 0.0000000000000000000 ) ) ;
#1232 = EDGE_LOOP ( 'NONE', ( #690, #1102, #1170, #1289 ) ) ;
#1233 = EDGE_CURVE ( 'NONE', #1056, #816, #695, .T. ) ;
#1234 = ORIENTED_EDGE ( 'NONE', *, *, #975, .F. ) ;
#1235 =( GEOMETRIC_REPRESENTATION_CONTEXT ( 3 ) GLOBAL_UNCERTAINTY_ASSIGNED_CONTEXT ( ( #1020 ) ) GLOBAL_UNIT_ASSIGNED_CONTEXT ( ( #1614, #476, #702 ) ) REPRESENTATION_CONTEXT ( 'NONE', 'WORKASPACE' ) );
#1236 = DIRECTION ( 'NONE',  ( -2.775557561562893200E-017, -1.000000000000000000, -0.0000000000000000000 ) ) ;
#1237 = DIRECTION ( 'NONE',  ( -1.000000000000000000, 0.0000000000000000000, 0.0000000000000000000 ) ) ;
#1238 = CARTESIAN_POINT ( 'NONE',  ( 0.5000000000000003300, 0.1000000000000004800, -0.5000000000000004400 ) ) ;
#1239 = LINE ( 'NONE', #692, #211 ) ;
#1240 = CARTESIAN_POINT ( 'NONE',  ( 0.09999999999999920100, 0.09999999999999993600, 0.1499999999999990800 ) ) ;
#1241 = EDGE_CURVE ( 'NONE', #1534, #279, #495, .T. ) ;
#1242 = LINE ( 'NONE', #1061, #640 ) ;
#1243 = CARTESIAN_POINT ( 'NONE',  ( -0.5000000000000006700, -4.336808689942017700E-016, 0.5000000000000004400 ) ) ;
#1244 = LINE ( 'NONE', #769, #67 ) ;
#1245 =( GEOMETRIC_REPRESENTATION_CONTEXT ( 3 ) GLOBAL_UNCERTAINTY_ASSIGNED_CONTEXT ( ( #433 ) ) GLOBAL_UNIT_ASSIGNED_CONTEXT ( ( #647, #1013, #1539 ) ) REPRESENTATION_CONTEXT ( 'NONE', 'WORKASPACE' ) );
#1246 = VECTOR ( 'NONE', #48, 1000.000000000000000 ) ;
#1247 = CARTESIAN_POINT ( 'NONE',  ( 0.09999999999999918700, -0.5315072906367326300, 0.1499999999999990800 ) ) ;
#1248 = ORIENTED_EDGE ( 'NONE', *, *, #563, .T. ) ;
#1249 = CARTESIAN_POINT ( 'NONE',  ( -0.5000000000000006700, 0.1000000000000000500, 0.1499999999999990800 ) ) ;
#1250 = DIRECTION ( 'NONE',  ( -1.971276677246370800E-016, -6.661338147750936300E-016, 1.000000000000000000 ) ) ;
#1251 = CLOSED_SHELL ( 'NONE', ( #1357, #1638, #996, #629, #291, #1189 ) ) ;
#1252 = ORIENTED_EDGE ( 'NONE', *, *, #499, .F. ) ;
#1253 = DIRECTION ( 'NONE',  ( -2.775557561562893200E-017, -1.000000000000000000, -0.0000000000000000000 ) ) ;
#1254 = ORIENTED_EDGE ( 'NONE', *, *, #1408, .T. ) ;
#1255 = ORIENTED_EDGE ( 'NONE', *, *, #160, .F. ) ;
#1256 = FILL_AREA_STYLE_COLOUR ( '', #573 ) ;
#1257 = EDGE_CURVE ( 'NONE', #1165, #648, #147, .T. ) ;
#1258 = CARTESIAN_POINT ( 'NONE',  ( -0.5000000000000006700, 0.0000000000000000000, 0.1499999999999990800 ) ) ;
#1259 = DIRECTION ( 'NONE',  ( 2.775557561562906100E-017, 1.000000000000000000, 2.600065509977687900E-047 ) ) ;
#1260 =( GEOMETRIC_REPRESENTATION_CONTEXT ( 3 ) GLOBAL_UNCERTAINTY_ASSIGNED_CONTEXT ( ( #1314 ) ) GLOBAL_UNIT_ASSIGNED_CONTEXT ( ( #694, #1593, #177 ) ) REPRESENTATION_CONTEXT ( 'NONE', 'WORKASPACE' ) );
#1261 = CARTESIAN_POINT ( 'NONE',  ( -0.3230709869610010600, 0.4000000000000005200, -0.3803260961774412900 ) ) ;
#1262 = FACE_OUTER_BOUND ( 'NONE', #885, .T. ) ;
#1263 = VECTOR ( 'NONE', #1180, 1000.000000000000000 ) ;
#1264 = PLANE ( 'NONE',  #1559 ) ;
#1265 = PLANE ( 'NONE',  #868 ) ;
#1266 = CIRCLE ( 'NONE', #170, 0.05693748062634412800 ) ;
#1267 = ADVANCED_FACE ( 'NONE', ( #389 ), #404, .F. ) ;
#1268 = CARTESIAN_POINT ( 'NONE',  ( 0.5000000000000003300, 0.1000000000000002600, -0.1500000000000008300 ) ) ;
#1269 = EDGE_CURVE ( 'NONE', #1086, #990, #85, .T. ) ;
#1270 = DIRECTION ( 'NONE',  ( 1.000000000000000000, 0.0000000000000000000, 0.0000000000000000000 ) ) ;
#1271 = AXIS2_PLACEMENT_3D ( 'NONE', #1276, #1131, #1120 ) ;
#1272 = ORIENTED_EDGE ( 'NONE', *, *, #457, .T. ) ;
#1273 = VERTEX_POINT ( 'NONE', #537 ) ;
#1274 = ORIENTED_EDGE ( 'NONE', *, *, #1010, .T. ) ;
#1275 = ADVANCED_FACE ( 'NONE', ( #1478 ), #1175, .F. ) ;
#1276 = CARTESIAN_POINT ( 'NONE',  ( -0.3800084675873451900, 0.4000000000000005200, -0.3803260961774412900 ) ) ;
#1277 = VERTEX_POINT ( 'NONE', #1058 ) ;
#1278 = ORIENTED_EDGE ( 'NONE', *, *, #1080, .T. ) ;
#1279 = EDGE_CURVE ( 'NONE', #489, #768, #851, .T. ) ;
#1280 = STYLED_ITEM ( 'NONE', ( #962 ), #256 ) ;
#1281 = DIRECTION ( 'NONE',  ( 1.000000000000000000, -2.775557561562906100E-017, 1.971276677246373200E-016 ) ) ;
#1282 = ADVANCED_FACE ( 'NONE', ( #869 ), #1439, .F. ) ;
#1283 = DIRECTION ( 'NONE',  ( 1.971276677246373500E-016, 6.661338147750936300E-016, -1.000000000000000000 ) ) ;
#1284 = CARTESIAN_POINT ( 'NONE',  ( -0.09999999999999961700, -0.5315072906367326300, -0.1500000000000008300 ) ) ;
#1285 = VECTOR ( 'NONE', #401, 1000.000000000000000 ) ;
#1286 = LINE ( 'NONE', #58, #114 ) ;
#1287 = VECTOR ( 'NONE', #1515, 1000.000000000000000 ) ;
#1288 = EDGE_CURVE ( 'NONE', #1609, #845, #534, .T. ) ;
#1289 = ORIENTED_EDGE ( 'NONE', *, *, #1545, .T. ) ;
#1290 = CARTESIAN_POINT ( 'NONE',  ( -0.3230709869610010600, 0.4000000000000005200, -0.3803260961774412900 ) ) ;
#1291 = ORIENTED_EDGE ( 'NONE', *, *, #1672, .T. ) ;
#1292 = ORIENTED_EDGE ( 'NONE', *, *, #1183, .T. ) ;
#1293 = VERTEX_POINT ( 'NONE', #20 ) ;
#1294 = CARTESIAN_POINT ( 'NONE',  ( 0.5000000000000003300, 0.0000000000000000000, 0.1500000000000008300 ) ) ;
#1295 = ORIENTED_EDGE ( 'NONE', *, *, #18, .T. ) ;
#1296 = EDGE_CURVE ( 'NONE', #321, #1434, #515, .T. ) ;
#1297 = AXIS2_PLACEMENT_3D ( 'NONE', #55, #1089, #459 ) ;
#1298 = FACE_OUTER_BOUND ( 'NONE', #182, .T. ) ;
#1299 = DIRECTION ( 'NONE',  ( -0.7071067811865477900, -4.163336342344333600E-016, 0.7071067811865473500 ) ) ;
#1300 = VECTOR ( 'NONE', #1150, 1000.000000000000000 ) ;
#1301 = DIRECTION ( 'NONE',  ( 1.971276677246370800E-016, 6.661338147750936300E-016, -1.000000000000000000 ) ) ;
#1302 = VECTOR ( 'NONE', #839, 1000.000000000000000 ) ;
#1303 = FILL_AREA_STYLE ('',( #1536 ) ) ;
#1304 = FACE_OUTER_BOUND ( 'NONE', #1466, .T. ) ;
#1305 = COLOUR_RGB ( '',0.7921568627450980000, 0.8196078431372548800, 0.9333333333333333500 ) ;
#1306 = ORIENTED_EDGE ( 'NONE', *, *, #406, .T. ) ;
#1307 = EDGE_CURVE ( 'NONE', #1519, #95, #1078, .T. ) ;
#1308 = ORIENTED_EDGE ( 'NONE', *, *, #1307, .F. ) ;
#1309 = PLANE ( 'NONE',  #1002 ) ;
#1310 = VERTEX_POINT ( 'NONE', #665 ) ;
#1311 = DIRECTION ( 'NONE',  ( -1.971276677246373500E-016, -6.661338147750936300E-016, 1.000000000000000000 ) ) ;
#1312 = ORIENTED_EDGE ( 'NONE', *, *, #406, .F. ) ;
#1313 = EDGE_LOOP ( 'NONE', ( #908, #622, #138, #1371 ) ) ;
#1314 = UNCERTAINTY_MEASURE_WITH_UNIT (LENGTH_MEASURE( 1.000000000000000100E-005 ), #694, 'distance_accuracy_value', 'NONE');
#1315 = DIRECTION ( 'NONE',  ( -1.971276677246370800E-016, -6.661338147750936300E-016, 1.000000000000000000 ) ) ;
#1316 = CARTESIAN_POINT ( 'NONE',  ( -0.3230709869610010600, 0.3000000000000004300, -0.3803260961774412900 ) ) ;
#1317 = PLANE ( 'NONE',  #1064 ) ;
#1318 = VECTOR ( 'NONE', #1098, 1000.000000000000000 ) ;
#1319 = DIRECTION ( 'NONE',  ( -1.971276677246373500E-016, -6.661338147750936300E-016, 1.000000000000000000 ) ) ;
#1320 = FACE_OUTER_BOUND ( 'NONE', #925, .T. ) ;
#1321 = CARTESIAN_POINT ( 'NONE',  ( -0.5000000000000006700, 0.1000000000000000500, 0.1499999999999990800 ) ) ;
#1322 = LINE ( 'NONE', #1602, #1081 ) ;
#1323 = LINE ( 'NONE', #428, #171 ) ;
#1324 = ADVANCED_FACE ( 'NONE', ( #656 ), #1309, .F. ) ;
#1325 = ORIENTED_EDGE ( 'NONE', *, *, #47, .T. ) ;
#1326 = EDGE_CURVE ( 'NONE', #1565, #1592, #188, .T. ) ;
#1327 = DIRECTION ( 'NONE',  ( -1.971276677246370800E-016, -6.661338147750936300E-016, 1.000000000000000000 ) ) ;
#1328 = CARTESIAN_POINT ( 'NONE',  ( -0.2000000000000007300, 0.1000000000000003700, -0.5000000000000004400 ) ) ;
#1329 = ORIENTED_EDGE ( 'NONE', *, *, #1606, .F. ) ;
#1330 = EDGE_CURVE ( 'NONE', #467, #1609, #1134, .T. ) ;
#1331 = EDGE_LOOP ( 'NONE', ( #1208, #823, #1396, #650 ) ) ;
#1332 = VERTEX_POINT ( 'NONE', #1445 ) ;
#1333 =( NAMED_UNIT ( * ) PLANE_ANGLE_UNIT ( ) SI_UNIT ( $, .RADIAN. ) );
#1334 = ORIENTED_EDGE ( 'NONE', *, *, #1296, .T. ) ;
#1335 = FACE_OUTER_BOUND ( 'NONE', #1069, .T. ) ;
#1336 = FILL_AREA_STYLE ('',( #1574 ) ) ;
#1337 = EDGE_CURVE ( 'NONE', #710, #687, #794, .T. ) ;
#1338 = VECTOR ( 'NONE', #268, 1000.000000000000000 ) ;
#1339 = DIRECTION ( 'NONE',  ( 1.000000000000000000, -2.775557561562906100E-017, 1.971276677246373200E-016 ) ) ;
#1340 = LINE ( 'NONE', #383, #1100 ) ;
#1341 = DIRECTION ( 'NONE',  ( 2.775557561562893200E-017, 1.000000000000000000, -0.0000000000000000000 ) ) ;
#1342 = CARTESIAN_POINT ( 'NONE',  ( -0.3800084675873451900, 0.4000000000000005200, -0.3803260961774412900 ) ) ;
#1343 = FACE_OUTER_BOUND ( 'NONE', #1411, .T. ) ;
#1344 = ORIENTED_EDGE ( 'NONE', *, *, #1269, .F. ) ;
#1345 = DIRECTION ( 'NONE',  ( -2.775557561562893200E-017, -1.000000000000000000, -0.0000000000000000000 ) ) ;
#1346 = ORIENTED_EDGE ( 'NONE', *, *, #628, .F. ) ;
#1347 = CARTESIAN_POINT ( 'NONE',  ( 0.5500000000000000400, 4.336808689942017700E-016, -0.5500000000000001600 ) ) ;
#1348 = ORIENTED_EDGE ( 'NONE', *, *, #1436, .T. ) ;
#1349 = EDGE_CURVE ( 'NONE', #602, #293, #1115, .T. ) ;
#1350 = CARTESIAN_POINT ( 'NONE',  ( 0.5000000000000003300, 0.1000000000000000500, 0.1500000000000008300 ) ) ;
#1351 = CARTESIAN_POINT ( 'NONE',  ( -0.5000000000000006700, 0.1000000000000004800, -0.5000000000000004400 ) ) ;
#1352 = VERTEX_POINT ( 'NONE', #1566 ) ;
#1353 = AXIS2_PLACEMENT_3D ( 'NONE', #1216, #455, #62 ) ;
#1354 = CARTESIAN_POINT ( 'NONE',  ( 0.5500000000000000400, -3.252606517456513300E-016, 0.5500000000000001600 ) ) ;
#1355 = ORIENTED_EDGE ( 'NONE', *, *, #1523, .T. ) ;
#1356 = CARTESIAN_POINT ( 'NONE',  ( -2.057382042508492400E-016, 4.336808689942017700E-016, -0.5000000000000004400 ) ) ;
#1357 = ADVANCED_FACE ( 'NONE', ( #456 ), #928, .F. ) ;
#1358 = CARTESIAN_POINT ( 'NONE',  ( -0.3800084675873451900, 0.4000000000000005200, -0.3803260961774412900 ) ) ;
#1359 = DIRECTION ( 'NONE',  ( 1.540743955509787900E-032, 6.661338147750936300E-016, -1.000000000000000000 ) ) ;
#1360 = LINE ( 'NONE', #330, #1636 ) ;
#1361 = LINE ( 'NONE', #1475, #638 ) ;
#1362 = CARTESIAN_POINT ( 'NONE',  ( -0.3230709869610010600, 0.4000000000000005200, -0.3803260961774412900 ) ) ;
#1363 = EDGE_CURVE ( 'NONE', #1449, #467, #1440, .T. ) ;
#1364 = LINE ( 'NONE', #10, #331 ) ;
#1365 = CARTESIAN_POINT ( 'NONE',  ( 0.5000000000000003300, 0.0000000000000000000, -0.1500000000000008300 ) ) ;
#1366 = LINE ( 'NONE', #858, #213 ) ;
#1367 = CARTESIAN_POINT ( 'NONE',  ( -0.5000000000000006700, 0.1000000000000000500, -0.1500000000000008300 ) ) ;
#1368 = ORIENTED_EDGE ( 'NONE', *, *, #1151, .T. ) ;
#1369 = CARTESIAN_POINT ( 'NONE',  ( -2.029626466892863800E-016, 0.1000000000000002600, 0.0000000000000000000 ) ) ;
#1370 = ORIENTED_EDGE ( 'NONE', *, *, #1330, .F. ) ;
#1371 = ORIENTED_EDGE ( 'NONE', *, *, #716, .T. ) ;
#1372 = ORIENTED_EDGE ( 'NONE', *, *, #907, .T. ) ;
#1373 = EDGE_CURVE ( 'NONE', #78, #671, #914, .T. ) ;
#1374 = DIRECTION ( 'NONE',  ( -2.775557561562893200E-017, -1.000000000000000000, -0.0000000000000000000 ) ) ;
#1375 = ORIENTED_EDGE ( 'NONE', *, *, #206, .T. ) ;
#1376 =( GEOMETRIC_REPRESENTATION_CONTEXT ( 3 ) GLOBAL_UNCERTAINTY_ASSIGNED_CONTEXT ( ( #208 ) ) GLOBAL_UNIT_ASSIGNED_CONTEXT ( ( #242, #1522, #1649 ) ) REPRESENTATION_CONTEXT ( 'NONE', 'WORKASPACE' ) );
#1377 = ORIENTED_EDGE ( 'NONE', *, *, #1586, .T. ) ;
#1378 = DIRECTION ( 'NONE',  ( -1.000000000000000000, 2.775557561562906100E-017, -1.971276677246373200E-016 ) ) ;
#1379 = LINE ( 'NONE', #209, #1618 ) ;
#1380 = CARTESIAN_POINT ( 'NONE',  ( -0.3800084675873451900, 0.3000000000000004300, -0.3803260961774412900 ) ) ;
#1381 = VECTOR ( 'NONE', #896, 1000.000000000000000 ) ;
#1382 = CARTESIAN_POINT ( 'NONE',  ( -0.09999999999999961700, -0.5315072906367324100, -0.4000000000000010200 ) ) ;
#1383 = EDGE_CURVE ( 'NONE', #422, #1310, #1239, .T. ) ;
#1384 = CARTESIAN_POINT ( 'NONE',  ( 0.5000000000000003300, 0.1000000000000000500, 0.0000000000000000000 ) ) ;
#1385 = DIRECTION ( 'NONE',  ( -1.000000000000000000, 0.0000000000000000000, 0.0000000000000000000 ) ) ;
#1386 = VECTOR ( 'NONE', #240, 1000.000000000000000 ) ;
#1387 = AXIS2_PLACEMENT_3D ( 'NONE', #610, #1514, #742 ) ;
#1388 = LINE ( 'NONE', #284, #799 ) ;
#1389 = DIRECTION ( 'NONE',  ( -1.971276677246373500E-016, -6.661338147750936300E-016, 1.000000000000000000 ) ) ;
#1390 = CARTESIAN_POINT ( 'NONE',  ( 0.5000000000000003300, 0.0000000000000000000, 0.0000000000000000000 ) ) ;
#1391 = ORIENTED_EDGE ( 'NONE', *, *, #1493, .T. ) ;
#1392 = CARTESIAN_POINT ( 'NONE',  ( -0.5000000000000006700, -4.336808689942017700E-016, 0.5000000000000004400 ) ) ;
#1393 = ORIENTED_EDGE ( 'NONE', *, *, #1187, .F. ) ;
#1394 = ORIENTED_EDGE ( 'NONE', *, *, #473, .F. ) ;
#1395 = CARTESIAN_POINT ( 'NONE',  ( 0.09999999999999918700, 0.0000000000000000000, -0.1500000000000008300 ) ) ;
#1396 = ORIENTED_EDGE ( 'NONE', *, *, #255, .T. ) ;
#1397 = EDGE_CURVE ( 'NONE', #141, #801, #779, .T. ) ;
#1398 = CARTESIAN_POINT ( 'NONE',  ( 0.09999999999999920100, 0.09999999999999993600, 0.1499999999999990800 ) ) ;
#1399 = ADVANCED_FACE ( 'NONE', ( #1335 ), #1093, .F. ) ;
#1400 = AXIS2_PLACEMENT_3D ( 'NONE', #104, #124, #1157 ) ;
#1401 = APPLICATION_CONTEXT ( 'automotive_design' ) ;
#1402 = VECTOR ( 'NONE', #1531, 1000.000000000000000 ) ;
#1403 = PLANE ( 'NONE',  #324 ) ;
#1404 = SURFACE_SIDE_STYLE ('',( #1428 ) ) ;
#1405 = LINE ( 'NONE', #1258, #3 ) ;
#1406 = CARTESIAN_POINT ( 'NONE',  ( -0.09999999999999958900, -2.168404344971008900E-016, 0.5000000000000004400 ) ) ;
#1407 = CARTESIAN_POINT ( 'NONE',  ( 0.5000000000000003300, 0.1000000000000000500, 0.1500000000000008300 ) ) ;
#1408 = EDGE_CURVE ( 'NONE', #199, #379, #165, .T. ) ;
#1409 = LINE ( 'NONE', #966, #1047 ) ;
#1410 = DIRECTION ( 'NONE',  ( -1.971276677246371000E-016, -6.661338147750936300E-016, 1.000000000000000000 ) ) ;
#1411 = EDGE_LOOP ( 'NONE', ( #565, #1171, #1556, #926 ) ) ;
#1412 = MANIFOLD_SOLID_BREP ( 'Cut-Extrude2', #445 ) ;
#1413 = VERTEX_POINT ( 'NONE', #958 ) ;
#1414 = ORIENTED_EDGE ( 'NONE', *, *, #716, .F. ) ;
#1415 = CARTESIAN_POINT ( 'NONE',  ( -0.09999999999999958900, 0.09999999999999993600, 0.5000000000000004400 ) ) ;
#1416 = CLOSED_SHELL ( 'NONE', ( #939, #462, #887, #894 ) ) ;
#1417 = PLANE ( 'NONE',  #1437 ) ;
#1418 = ORIENTED_EDGE ( 'NONE', *, *, #593, .T. ) ;
#1419 = EDGE_CURVE ( 'NONE', #344, #1413, #693, .T. ) ;
#1420 = ORIENTED_EDGE ( 'NONE', *, *, #215, .F. ) ;
#1421 = AXIS2_PLACEMENT_3D ( 'NONE', #131, #1425, #1554 ) ;
#1422 = DIRECTION ( 'NONE',  ( 1.971276677246370800E-016, 6.661338147750936300E-016, -1.000000000000000000 ) ) ;
#1423 = VECTOR ( 'NONE', #601, 1000.000000000000000 ) ;
#1424 = LINE ( 'NONE', #1669, #1542 ) ;
#1425 = DIRECTION ( 'NONE',  ( -1.971276677246373500E-016, -6.661338147750936300E-016, 1.000000000000000000 ) ) ;
#1426 = LINE ( 'NONE', #184, #899 ) ;
#1427 = CARTESIAN_POINT ( 'NONE',  ( -0.09999999999999960300, 2.168404344971008900E-016, -0.4000000000000010200 ) ) ;
#1428 = SURFACE_STYLE_FILL_AREA ( #121 ) ;
#1429 = EDGE_CURVE ( 'NONE', #1646, #1228, #367, .T. ) ;
#1430 = AXIS2_PLACEMENT_3D ( 'NONE', #974, #200, #75 ) ;
#1431 = EDGE_LOOP ( 'NONE', ( #238, #723, #973, #1148 ) ) ;
#1432 = ORIENTED_EDGE ( 'NONE', *, *, #497, .F. ) ;
#1433 = VERTEX_POINT ( 'NONE', #299 ) ;
#1434 = VERTEX_POINT ( 'NONE', #434 ) ;
#1435 = CARTESIAN_POINT ( 'NONE',  ( 0.09999999999999920100, 0.0000000000000000000, 0.1499999999999990800 ) ) ;
#1436 = EDGE_CURVE ( 'NONE', #31, #1646, #717, .T. ) ;
#1437 = AXIS2_PLACEMENT_3D ( 'NONE', #639, #1666, #891 ) ;
#1438 = SHAPE_DEFINITION_REPRESENTATION ( #1653, #301 ) ;
#1439 = PLANE ( 'NONE',  #1548 ) ;
#1440 = LINE ( 'NONE', #1347, #1174 ) ;
#1441 = DIRECTION ( 'NONE',  ( 1.000000000000000000, -2.775557561562906100E-017, 1.971276677246373200E-016 ) ) ;
#1442 = VECTOR ( 'NONE', #1250, 1000.000000000000000 ) ;
#1443 = FACE_BOUND ( 'NONE', #882, .T. ) ;
#1444 = ADVANCED_FACE ( 'NONE', ( #1461 ), #421, .F. ) ;
#1445 = CARTESIAN_POINT ( 'NONE',  ( 0.5000000000000003300, 0.1000000000000000500, 0.1500000000000008300 ) ) ;
#1446 = VECTOR ( 'NONE', #108, 1000.000000000000000 ) ;
#1447 = EDGE_CURVE ( 'NONE', #841, #910, #591, .T. ) ;
#1448 = DIRECTION ( 'NONE',  ( -1.000000000000000000, 2.775557561562906100E-017, -1.971276677246373200E-016 ) ) ;
#1449 = VERTEX_POINT ( 'NONE', #80 ) ;
#1450 = AXIS2_PLACEMENT_3D ( 'NONE', #1025, #884, #1410 ) ;
#1451 = ORIENTED_EDGE ( 'NONE', *, *, #322, .F. ) ;
#1452 = VERTEX_POINT ( 'NONE', #715 ) ;
#1453 = DIRECTION ( 'NONE',  ( -1.971276677246371000E-016, -6.661338147750936300E-016, 1.000000000000000000 ) ) ;
#1454 = ORIENTED_EDGE ( 'NONE', *, *, #417, .F. ) ;
#1455 = ORIENTED_EDGE ( 'NONE', *, *, #246, .F. ) ;
#1456 = ADVANCED_FACE ( 'NONE', ( #1577 ), #1633, .F. ) ;
#1457 = DIRECTION ( 'NONE',  ( -1.971276677246370800E-016, -6.661338147750936300E-016, 1.000000000000000000 ) ) ;
#1458 = SURFACE_SIDE_STYLE ('',( #498 ) ) ;
#1459 = COLOUR_RGB ( '',0.7921568627450980000, 0.8196078431372548800, 0.9333333333333333500 ) ;
#1460 = EDGE_CURVE ( 'NONE', #791, #1469, #1360, .T. ) ;
#1461 = FACE_OUTER_BOUND ( 'NONE', #197, .T. ) ;
#1462 = VECTOR ( 'NONE', #145, 1000.000000000000000 ) ;
#1463 = FACE_OUTER_BOUND ( 'NONE', #314, .T. ) ;
#1464 = LINE ( 'NONE', #1284, #1008 ) ;
#1465 = ADVANCED_FACE ( 'NONE', ( #777 ), #468, .F. ) ;
#1466 = EDGE_LOOP ( 'NONE', ( #397, #1254, #1325, #1629 ) ) ;
#1467 = CARTESIAN_POINT ( 'NONE',  ( 0.09999999999999920100, 0.09999999999999993600, 0.1499999999999990800 ) ) ;
#1468 = CARTESIAN_POINT ( 'NONE',  ( -0.2000000000000007300, 4.336808689942017700E-016, -0.5000000000000004400 ) ) ;
#1469 = VERTEX_POINT ( 'NONE', #68 ) ;
#1470 = AXIS2_PLACEMENT_3D ( 'NONE', #487, #226, #1270 ) ;
#1471 = PLANE ( 'NONE',  #576 ) ;
#1472 = ORIENTED_EDGE ( 'NONE', *, *, #652, .T. ) ;
#1473 = ORIENTED_EDGE ( 'NONE', *, *, #1363, .F. ) ;
#1474 = DIRECTION ( 'NONE',  ( 1.000000000000000000, -2.775557561562906100E-017, 1.971276677246370800E-016 ) ) ;
#1475 = CARTESIAN_POINT ( 'NONE',  ( -0.5000000000000006700, -0.5315072906367324100, -0.1500000000000008300 ) ) ;
#1476 = PLANE ( 'NONE',  #1651 ) ;
#1477 = AXIS2_PLACEMENT_3D ( 'NONE', #1467, #817, #39 ) ;
#1478 = FACE_OUTER_BOUND ( 'NONE', #1054, .T. ) ;
#1479 = ADVANCED_FACE ( 'NONE', ( #477 ), #587, .F. ) ;
#1480 = DIRECTION ( 'NONE',  ( -1.971276677246370800E-016, -6.661338147750936300E-016, 1.000000000000000000 ) ) ;
#1481 = VECTOR ( 'NONE', #598, 1000.000000000000000 ) ;
#1482 = AXIS2_PLACEMENT_3D ( 'NONE', #968, #554, #317 ) ;
#1483 = CARTESIAN_POINT ( 'NONE',  ( 0.5000000000000003300, -0.5315072906367330800, 0.5000000000000004400 ) ) ;
#1484 = FACE_OUTER_BOUND ( 'NONE', #843, .T. ) ;
#1485 = DIRECTION ( 'NONE',  ( 1.000000000000000000, -2.775557561562906100E-017, 1.971276677246373200E-016 ) ) ;
#1486 = PRESENTATION_STYLE_ASSIGNMENT (( #1658 ) ) ;
#1487 = EDGE_LOOP ( 'NONE', ( #400, #1248, #1355, #403 ) ) ;
#1488 = CARTESIAN_POINT ( 'NONE',  ( -2.057382042508492400E-016, -2.168404344971008900E-016, 0.5000000000000004400 ) ) ;
#1489 = UNCERTAINTY_MEASURE_WITH_UNIT (LENGTH_MEASURE( 1.000000000000000100E-005 ), #126, 'distance_accuracy_value', 'NONE');
#1490 = ORIENTED_EDGE ( 'NONE', *, *, #105, .T. ) ;
#1491 = DIRECTION ( 'NONE',  ( -1.971276677246371000E-016, -6.661338147750936300E-016, 1.000000000000000000 ) ) ;
#1492 = ADVANCED_FACE ( 'NONE', ( #1298 ), #977, .F. ) ;
#1493 = EDGE_CURVE ( 'NONE', #298, #667, #427, .T. ) ;
#1494 = SURFACE_STYLE_USAGE ( .BOTH. , #582 ) ;
#1495 = ORIENTED_EDGE ( 'NONE', *, *, #25, .T. ) ;
#1496 = VERTEX_POINT ( 'NONE', #1226 ) ;
#1497 = DIRECTION ( 'NONE',  ( 1.000000000000000000, -2.775557561562906100E-017, 1.971276677246373200E-016 ) ) ;
#1498 = ORIENTED_EDGE ( 'NONE', *, *, #1447, .F. ) ;
#1499 = CARTESIAN_POINT ( 'NONE',  ( 0.09999999999999920100, 0.1000000000000002600, 0.0000000000000000000 ) ) ;
#1500 = LINE ( 'NONE', #1016, #265 ) ;
#1501 = EDGE_CURVE ( 'NONE', #774, #1646, #1596, .T. ) ;
#1502 = VECTOR ( 'NONE', #1213, 1000.000000000000000 ) ;
#1503 = DIRECTION ( 'NONE',  ( 1.000000000000000000, 0.0000000000000000000, 0.0000000000000000000 ) ) ;
#1504 = EDGE_CURVE ( 'NONE', #774, #99, #210, .T. ) ;
#1505 = LINE ( 'NONE', #954, #1156 ) ;
#1506 = LINE ( 'NONE', #637, #1446 ) ;
#1507 = VECTOR ( 'NONE', #969, 1000.000000000000000 ) ;
#1508 = ORIENTED_EDGE ( 'NONE', *, *, #964, .F. ) ;
#1509 = CARTESIAN_POINT ( 'NONE',  ( 0.5000000000000003300, -0.5315072906367326300, -0.1500000000000008300 ) ) ;
#1510 = ORIENTED_EDGE ( 'NONE', *, *, #1493, .F. ) ;
#1511 = DIRECTION ( 'NONE',  ( 1.000000000000000000, -2.775557561562906100E-017, 1.971276677246370800E-016 ) ) ;
#1512 = ORIENTED_EDGE ( 'NONE', *, *, #332, .F. ) ;
#1513 = EDGE_CURVE ( 'NONE', #772, #1413, #1379, .T. ) ;
#1514 = DIRECTION ( 'NONE',  ( 1.000000000000000000, -2.775557561562906100E-017, 1.971276677246370800E-016 ) ) ;
#1515 = DIRECTION ( 'NONE',  ( -2.775557561562893200E-017, -1.000000000000000000, -0.0000000000000000000 ) ) ;
#1516 = EDGE_LOOP ( 'NONE', ( #358, #789, #1041, #1532 ) ) ;
#1517 = ORIENTED_EDGE ( 'NONE', *, *, #237, .F. ) ;
#1518 =( GEOMETRIC_REPRESENTATION_CONTEXT ( 3 ) GLOBAL_UNCERTAINTY_ASSIGNED_CONTEXT ( ( #609 ) ) GLOBAL_UNIT_ASSIGNED_CONTEXT ( ( #613, #486, #621 ) ) REPRESENTATION_CONTEXT ( 'NONE', 'WORKASPACE' ) );
#1519 = VERTEX_POINT ( 'NONE', #1249 ) ;
#1520 = CARTESIAN_POINT ( 'NONE',  ( -0.5000000000000006700, 0.09999999999999993600, 0.5000000000000004400 ) ) ;
#1521 = VECTOR ( 'NONE', #1422, 1000.000000000000000 ) ;
#1522 =( NAMED_UNIT ( * ) PLANE_ANGLE_UNIT ( ) SI_UNIT ( $, .RADIAN. ) );
#1523 = EDGE_CURVE ( 'NONE', #1332, #78, #1195, .T. ) ;
#1524 = LINE ( 'NONE', #1351, #1004 ) ;
#1525 = ADVANCED_FACE ( 'NONE', ( #611 ), #475, .F. ) ;
#1526 = DIRECTION ( 'NONE',  ( -1.000000000000000000, 2.775557561562906100E-017, -1.971276677246373200E-016 ) ) ;
#1527 = SURFACE_STYLE_USAGE ( .BOTH. , #1404 ) ;
#1528 = VECTOR ( 'NONE', #811, 1000.000000000000000 ) ;
#1529 = LINE ( 'NONE', #96, #876 ) ;
#1530 = ORIENTED_EDGE ( 'NONE', *, *, #1197, .F. ) ;
#1531 = DIRECTION ( 'NONE',  ( 1.540743955509788100E-032, 6.661338147750936300E-016, -1.000000000000000000 ) ) ;
#1532 = ORIENTED_EDGE ( 'NONE', *, *, #510, .T. ) ;
#1533 = CARTESIAN_POINT ( 'NONE',  ( 0.09999999999999918700, 0.1000000000000003700, -0.5000000000000004400 ) ) ;
#1534 = VERTEX_POINT ( 'NONE', #86 ) ;
#1535 = ORIENTED_EDGE ( 'NONE', *, *, #1143, .F. ) ;
#1536 = FILL_AREA_STYLE_COLOUR ( '', #1459 ) ;
#1537 = ORIENTED_EDGE ( 'NONE', *, *, #1288, .F. ) ;
#1538 = CARTESIAN_POINT ( 'NONE',  ( 0.09999999999999920100, 0.09999999999999993600, 0.1499999999999990800 ) ) ;
#1539 =( NAMED_UNIT ( * ) SI_UNIT ( $, .STERADIAN. ) SOLID_ANGLE_UNIT ( ) );
#1540 = VECTOR ( 'NONE', #867, 1000.000000000000000 ) ;
#1541 = VECTOR ( 'NONE', #597, 1000.000000000000000 ) ;
#1542 = VECTOR ( 'NONE', #783, 1000.000000000000000 ) ;
#1543 = CARTESIAN_POINT ( 'NONE',  ( -0.2000000000000007300, 3.252606517456513300E-016, -0.5000000000000004400 ) ) ;
#1544 = FACE_OUTER_BOUND ( 'NONE', #713, .T. ) ;
#1545 = EDGE_CURVE ( 'NONE', #776, #1611, #84, .T. ) ;
#1546 = LINE ( 'NONE', #1238, #856 ) ;
#1547 = DIRECTION ( 'NONE',  ( 1.971276677246371000E-016, 6.661338147750936300E-016, -1.000000000000000000 ) ) ;
#1548 = AXIS2_PLACEMENT_3D ( 'NONE', #1560, #1299, #1190 ) ;
#1549 = LINE ( 'NONE', #33, #699 ) ;
#1550 = DIRECTION ( 'NONE',  ( 1.000000000000000000, -2.775557561562906100E-017, 1.971276677246373200E-016 ) ) ;
#1551 = ORIENTED_EDGE ( 'NONE', *, *, #964, .T. ) ;
#1552 = ORIENTED_EDGE ( 'NONE', *, *, #746, .T. ) ;
#1553 = CARTESIAN_POINT ( 'NONE',  ( 0.09999999999999920100, -2.168404344971008900E-016, 0.5000000000000004400 ) ) ;
#1554 = DIRECTION ( 'NONE',  ( 1.000000000000000000, -2.775557561562906100E-017, 1.971276677246373200E-016 ) ) ;
#1555 = EDGE_LOOP ( 'NONE', ( #159, #1628, #920, #92 ) ) ;
#1556 = ORIENTED_EDGE ( 'NONE', *, *, #672, .T. ) ;
#1557 = EDGE_CURVE ( 'NONE', #1124, #567, #1077, .T. ) ;
#1558 = EDGE_LOOP ( 'NONE', ( #1149, #1648 ) ) ;
#1559 = AXIS2_PLACEMENT_3D ( 'NONE', #855, #623, #1526 ) ;
#1560 = CARTESIAN_POINT ( 'NONE',  ( -0.2000000000000007300, -0.5315072906367319700, -0.5000000000000004400 ) ) ;
#1561 = DIRECTION ( 'NONE',  ( -1.000000000000000000, 2.775557561562906100E-017, -1.971276677246373200E-016 ) ) ;
#1562 = LINE ( 'NONE', #1153, #129 ) ;
#1563 = VECTOR ( 'NONE', #1043, 1000.000000000000000 ) ;
#1564 = LINE ( 'NONE', #1607, #559 ) ;
#1565 = VERTEX_POINT ( 'NONE', #1617 ) ;
#1566 = CARTESIAN_POINT ( 'NONE',  ( 0.09999999999999918700, 0.1000000000000004800, -0.5000000000000004400 ) ) ;
#1567 = AXIS2_PLACEMENT_3D ( 'NONE', #399, #1319, #1194 ) ;
#1568 = ORIENTED_EDGE ( 'NONE', *, *, #1183, .F. ) ;
#1569 = CARTESIAN_POINT ( 'NONE',  ( 0.09999999999999920100, 0.1000000000000002600, 0.0000000000000000000 ) ) ;
#1570 = ORIENTED_EDGE ( 'NONE', *, *, #1035, .T. ) ;
#1571 = EDGE_LOOP ( 'NONE', ( #57, #1393, #1432, #1348 ) ) ;
#1572 = DIRECTION ( 'NONE',  ( 1.971276677246370800E-016, 6.661338147750936300E-016, -1.000000000000000000 ) ) ;
#1573 = ORIENTED_EDGE ( 'NONE', *, *, #1660, .F. ) ;
#1574 = FILL_AREA_STYLE_COLOUR ( '', #795 ) ;
#1575 = EDGE_CURVE ( 'NONE', #816, #316, #932, .T. ) ;
#1576 = PRESENTATION_STYLE_ASSIGNMENT (( #396 ) ) ;
#1577 = FACE_OUTER_BOUND ( 'NONE', #524, .T. ) ;
#1578 = CARTESIAN_POINT ( 'NONE',  ( -0.09999999999999960300, 2.168404344971008900E-016, -0.1500000000000008300 ) ) ;
#1579 = FACE_OUTER_BOUND ( 'NONE', #630, .T. ) ;
#1580 = ADVANCED_FACE ( 'NONE', ( #1262 ), #889, .F. ) ;
#1581 = LINE ( 'NONE', #1185, #287 ) ;
#1582 = DIRECTION ( 'NONE',  ( -1.971276677246370800E-016, -6.661338147750936300E-016, 1.000000000000000000 ) ) ;
#1583 = LINE ( 'NONE', #1488, #1665 ) ;
#1584 = CARTESIAN_POINT ( 'NONE',  ( -0.5500000000000003800, 0.3999999999999998600, 0.5500000000000001600 ) ) ;
#1585 = LINE ( 'NONE', #443, #354 ) ;
#1586 = EDGE_CURVE ( 'NONE', #274, #15, #912, .T. ) ;
#1587 = ORIENTED_EDGE ( 'NONE', *, *, #1637, .F. ) ;
#1588 = ORIENTED_EDGE ( 'NONE', *, *, #756, .T. ) ;
#1589 = DIRECTION ( 'NONE',  ( 2.775557561562893200E-017, 1.000000000000000000, 0.0000000000000000000 ) ) ;
#1590 = VERTEX_POINT ( 'NONE', #504 ) ;
#1591 = EDGE_LOOP ( 'NONE', ( #1372, #726, #11, #526 ) ) ;
#1592 = VERTEX_POINT ( 'NONE', #864 ) ;
#1593 =( NAMED_UNIT ( * ) PLANE_ANGLE_UNIT ( ) SI_UNIT ( $, .RADIAN. ) );
#1594 = ADVANCED_FACE ( 'NONE', ( #849 ), #608, .F. ) ;
#1595 = DIRECTION ( 'NONE',  ( 0.7071067811865473500, -5.551115123125781700E-016, 0.7071067811865477900 ) ) ;
#1596 = LINE ( 'NONE', #1240, #1318 ) ;
#1597 = DIRECTION ( 'NONE',  ( -2.775557561562906100E-017, -1.000000000000000000, -2.600065509977687900E-047 ) ) ;
#1598 = VECTOR ( 'NONE', #1055, 1000.000000000000000 ) ;
#1599 = DIRECTION ( 'NONE',  ( -1.000000000000000000, 2.775557561562906100E-017, -1.971276677246373200E-016 ) ) ;
#1600 = FACE_OUTER_BOUND ( 'NONE', #1331, .T. ) ;
#1601 = FACE_OUTER_BOUND ( 'NONE', #1126, .T. ) ;
#1602 = CARTESIAN_POINT ( 'NONE',  ( -0.5000000000000006700, -0.5315072906367328500, 0.5000000000000004400 ) ) ;
#1603 = LINE ( 'NONE', #827, #1287 ) ;
#1604 = ADVANCED_FACE ( 'NONE', ( #635 ), #113, .F. ) ;
#1605 = EDGE_LOOP ( 'NONE', ( #119, #402, #988, #340 ) ) ;
#1606 = EDGE_CURVE ( 'NONE', #123, #841, #1500, .T. ) ;
#1607 = CARTESIAN_POINT ( 'NONE',  ( -0.4369459482136893200, 0.3000000000000004300, -0.3803260961774412900 ) ) ;
#1608 = PLANE ( 'NONE',  #144 ) ;
#1609 = VERTEX_POINT ( 'NONE', #1027 ) ;
#1610 = PLANE ( 'NONE',  #1641 ) ;
#1611 = VERTEX_POINT ( 'NONE', #245 ) ;
#1612 = CARTESIAN_POINT ( 'NONE',  ( 0.09999999999999918700, -0.5315072906367330800, 0.5000000000000004400 ) ) ;
#1613 = ORIENTED_EDGE ( 'NONE', *, *, #140, .T. ) ;
#1614 =( LENGTH_UNIT ( ) NAMED_UNIT ( * ) SI_UNIT ( .MILLI., .METRE. ) );
#1615 = ORIENTED_EDGE ( 'NONE', *, *, #652, .F. ) ;
#1616 = DIRECTION ( 'NONE',  ( -1.000000000000000000, 2.775557561562906100E-017, -1.971276677246373200E-016 ) ) ;
#1617 = CARTESIAN_POINT ( 'NONE',  ( 0.09999999999999918700, 0.1000000000000003700, -0.5000000000000004400 ) ) ;
#1618 = VECTOR ( 'NONE', #325, 1000.000000000000000 ) ;
#1619 = DIRECTION ( 'NONE',  ( 2.775557561562893200E-017, 1.000000000000000000, 0.0000000000000000000 ) ) ;
#1620 = PRESENTATION_STYLE_ASSIGNMENT (( #1494 ) ) ;
#1621 = DIRECTION ( 'NONE',  ( -1.971276677246370800E-016, -6.661338147750936300E-016, 1.000000000000000000 ) ) ;
#1622 = LINE ( 'NONE', #1569, #518 ) ;
#1623 = VECTOR ( 'NONE', #342, 1000.000000000000000 ) ;
#1624 = ORIENTED_EDGE ( 'NONE', *, *, #1233, .T. ) ;
#1625 = DIRECTION ( 'NONE',  ( 1.000000000000000000, -2.775557561562906100E-017, 1.971276677246373200E-016 ) ) ;
#1626 = EDGE_CURVE ( 'NONE', #749, #1277, #978, .T. ) ;
#1627 = DIRECTION ( 'NONE',  ( -1.971276677246371000E-016, -6.661338147750936300E-016, 1.000000000000000000 ) ) ;
#1628 = ORIENTED_EDGE ( 'NONE', *, *, #1010, .F. ) ;
#1629 = ORIENTED_EDGE ( 'NONE', *, *, #1130, .T. ) ;
#1630 = DIRECTION ( 'NONE',  ( 2.775557561562906100E-017, 1.000000000000000000, 2.600065509977687900E-047 ) ) ;
#1631 = MANIFOLD_SOLID_BREP ( 'NONE', #1122 ) ;
#1632 = ORIENTED_EDGE ( 'NONE', *, *, #1087, .T. ) ;
#1633 = PLANE ( 'NONE',  #409 ) ;
#1634 = ORIENTED_EDGE ( 'NONE', *, *, #1545, .F. ) ;
#1635 = CARTESIAN_POINT ( 'NONE',  ( -0.5000000000000006700, -1.084202172485504400E-016, 0.0000000000000000000 ) ) ;
#1636 = VECTOR ( 'NONE', #1236, 1000.000000000000000 ) ;
#1637 = EDGE_CURVE ( 'NONE', #1469, #1449, #1193, .T. ) ;
#1638 = ADVANCED_FACE ( 'NONE', ( #164 ), #766, .F. ) ;
#1639 = LINE ( 'NONE', #125, #1521 ) ;
#1640 = CARTESIAN_POINT ( 'NONE',  ( -0.09999999999999960300, -0.5315072906367326300, 0.1499999999999990800 ) ) ;
#1641 = AXIS2_PLACEMENT_3D ( 'NONE', #66, #323, #842 ) ;
#1642 = VECTOR ( 'NONE', #993, 1000.000000000000000 ) ;
#1643 = LINE ( 'NONE', #1415, #983 ) ;
#1644 = PLANE ( 'NONE',  #1387 ) ;
#1645 = DIRECTION ( 'NONE',  ( 2.775557561562893200E-017, 1.000000000000000000, 0.0000000000000000000 ) ) ;
#1646 = VERTEX_POINT ( 'NONE', #757 ) ;
#1647 = ORIENTED_EDGE ( 'NONE', *, *, #541, .T. ) ;
#1648 = ORIENTED_EDGE ( 'NONE', *, *, #192, .F. ) ;
#1649 =( NAMED_UNIT ( * ) SI_UNIT ( $, .STERADIAN. ) SOLID_ANGLE_UNIT ( ) );
#1650 = EDGE_LOOP ( 'NONE', ( #1291, #1272, #1624, #1656, #684 ) ) ;
#1651 = AXIS2_PLACEMENT_3D ( 'NONE', #960, #1094, #1088 ) ;
#1652 = DIRECTION ( 'NONE',  ( -1.971276677246370800E-016, -6.661338147750936300E-016, 1.000000000000000000 ) ) ;
#1653 = PRODUCT_DEFINITION_SHAPE ( 'NONE', 'NONE',  #63 ) ;
#1654 = CARTESIAN_POINT ( 'NONE',  ( -0.09999999999999958900, 0.1000000000000002600, 0.0000000000000000000 ) ) ;
#1655 = VERTEX_POINT ( 'NONE', #1395 ) ;
#1656 = ORIENTED_EDGE ( 'NONE', *, *, #1575, .T. ) ;
#1657 = DIRECTION ( 'NONE',  ( 1.971276677246370800E-016, 6.661338147750936300E-016, -1.000000000000000000 ) ) ;
#1658 = SURFACE_STYLE_USAGE ( .BOTH. , #501 ) ;
#1659 = VECTOR ( 'NONE', #1582, 1000.000000000000000 ) ;
#1660 = EDGE_CURVE ( 'NONE', #645, #505, #127, .T. ) ;
#1661 = FACE_OUTER_BOUND ( 'NONE', #277, .T. ) ;
#1662 = CARTESIAN_POINT ( 'NONE',  ( 0.5000000000000003300, 0.0000000000000000000, -0.1500000000000008300 ) ) ;
#1663 = DIRECTION ( 'NONE',  ( 1.971276677246370800E-016, 6.661338147750936300E-016, -1.000000000000000000 ) ) ;
#1664 = AXIS2_PLACEMENT_3D ( 'NONE', #1369, #725, #471 ) ;
#1665 = VECTOR ( 'NONE', #1616, 1000.000000000000000 ) ;
#1666 = DIRECTION ( 'NONE',  ( 1.971276677246373500E-016, 6.661338147750936300E-016, -1.000000000000000000 ) ) ;
#1667 = VECTOR ( 'NONE', #1184, 1000.000000000000000 ) ;
#1668 = VERTEX_POINT ( 'NONE', #1268 ) ;
#1669 = CARTESIAN_POINT ( 'NONE',  ( -0.3230709869610010600, 0.3000000000000004300, -0.3803260961774412900 ) ) ;
#1670 = FILL_AREA_STYLE_COLOUR ( '', #1305 ) ;
#1671 = ORIENTED_EDGE ( 'NONE', *, *, #25, .F. ) ;
#1672 = EDGE_CURVE ( 'NONE', #17, #801, #1023, .T. ) ;
#1673 = ORIENTED_EDGE ( 'NONE', *, *, #225, .T. ) ;
#1674 = SURFACE_SIDE_STYLE ('',( #590 ) ) ;
#1675 = ORIENTED_EDGE ( 'NONE', *, *, #366, .T. ) ;
#1676 = DIRECTION ( 'NONE',  ( -1.000000000000000000, 2.775557561562906100E-017, -1.971276677246373200E-016 ) ) ;
#1677 = ORIENTED_EDGE ( 'NONE', *, *, #366, .F. ) ;
#1678 = COLOUR_RGB ( '',0.2509803921568627400, 0.2509803921568627400, 0.2509803921568627400 ) ;
#1679 = CARTESIAN_POINT ( 'NONE',  ( -0.4369459482136893200, 0.4000000000000005200, -0.3803260961774412900 ) ) ;
ENDSEC;
END-ISO-10303-21;

